latitude,longitude,Origin,Year_range,Val
-25.274398,133.775136,Australia,1900-1945,0
-25.274398,133.775136,Australia,1946-1955,0
-25.274398,133.775136,Australia,1956-1965,0
-25.274398,133.775136,Australia,1966-1975,0
-25.274398,133.775136,Australia,1976-1985,0
-25.274398,133.775136,Australia,1986-1995,0
-25.274398,133.775136,Australia,1996-2005,0
-25.274398,133.775136,Australia,2006-2015,0
-29.040835,167.954712,Norfolk Island,1900-1945,0
-29.040835,167.954712,Norfolk Island,1946-1955,0
-29.040835,167.954712,Norfolk Island,1956-1965,0
-29.040835,167.954712,Norfolk Island,1966-1975,0
-29.040835,167.954712,Norfolk Island,1976-1985,0
-29.040835,167.954712,Norfolk Island,1986-1995,0
-29.040835,167.954712,Norfolk Island,1996-2005,0
-29.040835,167.954712,Norfolk Island,2006-2015,0
-40.900557,174.885971,New Zealand,1900-1945,1065
-40.900557,174.885971,New Zealand,1946-1955,2223
-40.900557,174.885971,New Zealand,1956-1965,8187
-40.900557,174.885971,New Zealand,1966-1975,32712
-40.900557,174.885971,New Zealand,1976-1985,75875
-40.900557,174.885971,New Zealand,1986-1995,84919
-40.900557,174.885971,New Zealand,1996-2005,114064
-40.900557,174.885971,New Zealand,2006-2015,172096
-20.904305,165.618042,New Caledonia,1900-1945,12
-20.904305,165.618042,New Caledonia,1946-1955,46
-20.904305,165.618042,New Caledonia,1956-1965,82
-20.904305,165.618042,New Caledonia,1966-1975,135
-20.904305,165.618042,New Caledonia,1976-1985,197
-20.904305,165.618042,New Caledonia,1986-1995,202
-20.904305,165.618042,New Caledonia,1996-2005,184
-20.904305,165.618042,New Caledonia,2006-2015,339
-6.314993,143.95555,Papua New Guinea,1900-1945,421
-6.314993,143.95555,Papua New Guinea,1946-1955,392
-6.314993,143.95555,Papua New Guinea,1956-1965,2005
-6.314993,143.95555,Papua New Guinea,1966-1975,7507
-6.314993,143.95555,Papua New Guinea,1976-1985,5411
-6.314993,143.95555,Papua New Guinea,1986-1995,2909
-6.314993,143.95555,Papua New Guinea,1996-2005,2665
-6.314993,143.95555,Papua New Guinea,2006-2015,5518
-9.64571,160.156194,Solomon Islands,1900-1945,27
-9.64571,160.156194,Solomon Islands,1946-1955,21
-9.64571,160.156194,Solomon Islands,1956-1965,76
-9.64571,160.156194,Solomon Islands,1966-1975,205
-9.64571,160.156194,Solomon Islands,1976-1985,237
-9.64571,160.156194,Solomon Islands,1986-1995,251
-9.64571,160.156194,Solomon Islands,1996-2005,437
-9.64571,160.156194,Solomon Islands,2006-2015,583
-15.376706,166.959158,Vanuatu,1900-1945,18
-15.376706,166.959158,Vanuatu,1946-1955,35
-15.376706,166.959158,Vanuatu,1956-1965,77
-15.376706,166.959158,Vanuatu,1966-1975,119
-15.376706,166.959158,Vanuatu,1976-1985,192
-15.376706,166.959158,Vanuatu,1986-1995,169
-15.376706,166.959158,Vanuatu,1996-2005,184
-15.376706,166.959158,Vanuatu,2006-2015,263
13.444304,144.793731,Guam,1900-1945,0
13.444304,144.793731,Guam,1946-1955,0
13.444304,144.793731,Guam,1956-1965,0
13.444304,144.793731,Guam,1966-1975,7
13.444304,144.793731,Guam,1976-1985,11
13.444304,144.793731,Guam,1986-1995,12
13.444304,144.793731,Guam,1996-2005,27
13.444304,144.793731,Guam,2006-2015,33
-3.370417,-168.734039,Kiribati,1900-1945,5
-3.370417,-168.734039,Kiribati,1946-1955,4
-3.370417,-168.734039,Kiribati,1956-1965,48
-3.370417,-168.734039,Kiribati,1966-1975,39
-3.370417,-168.734039,Kiribati,1976-1985,70
-3.370417,-168.734039,Kiribati,1986-1995,56
-3.370417,-168.734039,Kiribati,1996-2005,79
-3.370417,-168.734039,Kiribati,2006-2015,164
7.131474,171.184478,Marshall Islands,1900-1945,0
7.131474,171.184478,Marshall Islands,1946-1955,0
7.131474,171.184478,Marshall Islands,1956-1965,0
7.131474,171.184478,Marshall Islands,1966-1975,0
7.131474,171.184478,Marshall Islands,1976-1985,0
7.131474,171.184478,Marshall Islands,1986-1995,6
7.131474,171.184478,Marshall Islands,1996-2005,9
7.131474,171.184478,Marshall Islands,2006-2015,6
-0.522778,166.931503,Nauru,1900-1945,9
-0.522778,166.931503,Nauru,1946-1955,11
-0.522778,166.931503,Nauru,1956-1965,46
-0.522778,166.931503,Nauru,1966-1975,90
-0.522778,166.931503,Nauru,1976-1985,76
-0.522778,166.931503,Nauru,1986-1995,64
-0.522778,166.931503,Nauru,1996-2005,118
-0.522778,166.931503,Nauru,2006-2015,113
17.33083,145.38469,Northern Mariana Islands,1900-1945,0
17.33083,145.38469,Northern Mariana Islands,1946-1955,0
17.33083,145.38469,Northern Mariana Islands,1956-1965,0
17.33083,145.38469,Northern Mariana Islands,1966-1975,0
17.33083,145.38469,Northern Mariana Islands,1976-1985,0
17.33083,145.38469,Northern Mariana Islands,1986-1995,4
17.33083,145.38469,Northern Mariana Islands,1996-2005,15
17.33083,145.38469,Northern Mariana Islands,2006-2015,7
7.51498,134.58252,Palau,1900-1945,0
7.51498,134.58252,Palau,1946-1955,0
7.51498,134.58252,Palau,1956-1965,0
7.51498,134.58252,Palau,1966-1975,0
7.51498,134.58252,Palau,1976-1985,0
7.51498,134.58252,Palau,1986-1995,0
7.51498,134.58252,Palau,1996-2005,4
7.51498,134.58252,Palau,2006-2015,6
-21.236736,-159.777671,Cook Islands,1900-1945,0
-21.236736,-159.777671,Cook Islands,1946-1955,6
-21.236736,-159.777671,Cook Islands,1956-1965,19
-21.236736,-159.777671,Cook Islands,1966-1975,70
-21.236736,-159.777671,Cook Islands,1976-1985,595
-21.236736,-159.777671,Cook Islands,1986-1995,1345
-21.236736,-159.777671,Cook Islands,1996-2005,2384
-21.236736,-159.777671,Cook Islands,2006-2015,2051
-16.578193,179.414413,Fiji,1900-1945,127
-16.578193,179.414413,Fiji,1946-1955,289
-16.578193,179.414413,Fiji,1956-1965,867
-16.578193,179.414413,Fiji,1966-1975,2341
-16.578193,179.414413,Fiji,1976-1985,6324
-16.578193,179.414413,Fiji,1986-1995,18670
-16.578193,179.414413,Fiji,1996-2005,15519
-16.578193,179.414413,Fiji,2006-2015,14917
-17.679742,-149.406843,French Polynesia,1900-1945,6
-17.679742,-149.406843,French Polynesia,1946-1955,8
-17.679742,-149.406843,French Polynesia,1956-1965,20
-17.679742,-149.406843,French Polynesia,1966-1975,27
-17.679742,-149.406843,French Polynesia,1976-1985,39
-17.679742,-149.406843,French Polynesia,1986-1995,64
-17.679742,-149.406843,French Polynesia,1996-2005,88
-17.679742,-149.406843,French Polynesia,2006-2015,161
-19.054445,-169.867233,Niue,1900-1945,0
-19.054445,-169.867233,Niue,1946-1955,0
-19.054445,-169.867233,Niue,1956-1965,0
-19.054445,-169.867233,Niue,1966-1975,4
-19.054445,-169.867233,Niue,1976-1985,86
-19.054445,-169.867233,Niue,1986-1995,155
-19.054445,-169.867233,Niue,1996-2005,241
-19.054445,-169.867233,Niue,2006-2015,276
-13.759029,-172.104629,Samoa,1900-1945,8
-13.759029,-172.104629,Samoa,1946-1955,9
-13.759029,-172.104629,Samoa,1956-1965,57
-13.759029,-172.104629,Samoa,1966-1975,143
-13.759029,-172.104629,Samoa,1976-1985,1289
-13.759029,-172.104629,Samoa,1986-1995,5135
-13.759029,-172.104629,Samoa,1996-2005,6595
-13.759029,-172.104629,Samoa,2006-2015,9138
-8.967363,-171.855881,Tokelau,1900-1945,0
-8.967363,-171.855881,Tokelau,1946-1955,0
-8.967363,-171.855881,Tokelau,1956-1965,0
-8.967363,-171.855881,Tokelau,1966-1975,0
-8.967363,-171.855881,Tokelau,1976-1985,4
-8.967363,-171.855881,Tokelau,1986-1995,101
-8.967363,-171.855881,Tokelau,1996-2005,206
-8.967363,-171.855881,Tokelau,2006-2015,213
-21.178986,-175.198242,Tonga,1900-1945,12
-21.178986,-175.198242,Tonga,1946-1955,9
-21.178986,-175.198242,Tonga,1956-1965,52
-21.178986,-175.198242,Tonga,1966-1975,443
-21.178986,-175.198242,Tonga,1976-1985,2157
-21.178986,-175.198242,Tonga,1986-1995,2229
-21.178986,-175.198242,Tonga,1996-2005,1803
-21.178986,-175.198242,Tonga,2006-2015,2430
-7.109535,177.64933,Tuvalu,1900-1945,0
-7.109535,177.64933,Tuvalu,1946-1955,0
-7.109535,177.64933,Tuvalu,1956-1965,0
-7.109535,177.64933,Tuvalu,1966-1975,5
-7.109535,177.64933,Tuvalu,1976-1985,9
-7.109535,177.64933,Tuvalu,1986-1995,31
-7.109535,177.64933,Tuvalu,1996-2005,32
-7.109535,177.64933,Tuvalu,2006-2015,63
-13.768752,-177.156097,Wallis and Futuna,1900-1945,0
-13.768752,-177.156097,Wallis and Futuna,1946-1955,0
-13.768752,-177.156097,Wallis and Futuna,1956-1965,0
-13.768752,-177.156097,Wallis and Futuna,1966-1975,0
-13.768752,-177.156097,Wallis and Futuna,1976-1985,6
-13.768752,-177.156097,Wallis and Futuna,1986-1995,0
-13.768752,-177.156097,Wallis and Futuna,1996-2005,3
-13.768752,-177.156097,Wallis and Futuna,2006-2015,6
-24.703615,-127.439308,Pitcairn Islands,1900-1945,0
-24.703615,-127.439308,Pitcairn Islands,1946-1955,0
-24.703615,-127.439308,Pitcairn Islands,1956-1965,0
-24.703615,-127.439308,Pitcairn Islands,1966-1975,0
-24.703615,-127.439308,Pitcairn Islands,1976-1985,0
-24.703615,-127.439308,Pitcairn Islands,1986-1995,0
-24.703615,-127.439308,Pitcairn Islands,1996-2005,0
-24.703615,-127.439308,Pitcairn Islands,2006-2015,3
52.3555,-1.1743,England,1900-1945,3714
52.3555,-1.1743,England,1946-1955,52689
52.3555,-1.1743,England,1956-1965,125950
52.3555,-1.1743,England,1966-1975,224851
52.3555,-1.1743,England,1976-1985,91574
52.3555,-1.1743,England,1986-1995,85164
52.3555,-1.1743,England,1996-2005,105496
52.3555,-1.1743,England,2006-2015,181906
54.236107,-4.548056,Isle of Man,1900-1945,0
54.236107,-4.548056,Isle of Man,1946-1955,62
54.236107,-4.548056,Isle of Man,1956-1965,107
54.236107,-4.548056,Isle of Man,1966-1975,138
54.236107,-4.548056,Isle of Man,1976-1985,85
54.236107,-4.548056,Isle of Man,1986-1995,99
54.236107,-4.548056,Isle of Man,1996-2005,96
54.236107,-4.548056,Isle of Man,2006-2015,161
54.7877,-6.4923,Northern Ireland,1900-1945,57
54.7877,-6.4923,Northern Ireland,1946-1955,1349
54.7877,-6.4923,Northern Ireland,1956-1965,3534
54.7877,-6.4923,Northern Ireland,1966-1975,6194
54.7877,-6.4923,Northern Ireland,1976-1985,2856
54.7877,-6.4923,Northern Ireland,1986-1995,2016
54.7877,-6.4923,Northern Ireland,1996-2005,2027
54.7877,-6.4923,Northern Ireland,2006-2015,4410
56.4907,-4.2026,Scotland,1900-1945,759
56.4907,-4.2026,Scotland,1946-1955,9744
56.4907,-4.2026,Scotland,1956-1965,21701
56.4907,-4.2026,Scotland,1966-1975,25295
56.4907,-4.2026,Scotland,1976-1985,14255
56.4907,-4.2026,Scotland,1986-1995,11556
56.4907,-4.2026,Scotland,1996-2005,11887
56.4907,-4.2026,Scotland,2006-2015,20441
52.1307,-3.7837,Wales,1900-1945,101
52.1307,-3.7837,Wales,1946-1955,1160
52.1307,-3.7837,Wales,1956-1965,3217
52.1307,-3.7837,Wales,1966-1975,6634
52.1307,-3.7837,Wales,1976-1985,3414
52.1307,-3.7837,Wales,1986-1995,2898
52.1307,-3.7837,Wales,1996-2005,3450
52.1307,-3.7837,Wales,2006-2015,6341
49.465691,-2.585278,Guernsey,1900-1945,3
49.465691,-2.585278,Guernsey,1946-1955,37
49.465691,-2.585278,Guernsey,1956-1965,90
49.465691,-2.585278,Guernsey,1966-1975,170
49.465691,-2.585278,Guernsey,1976-1985,83
49.465691,-2.585278,Guernsey,1986-1995,77
49.465691,-2.585278,Guernsey,1996-2005,94
49.465691,-2.585278,Guernsey,2006-2015,146
49.214439,-2.13125,Jersey,1900-1945,0
49.214439,-2.13125,Jersey,1946-1955,32
49.214439,-2.13125,Jersey,1956-1965,142
49.214439,-2.13125,Jersey,1966-1975,260
49.214439,-2.13125,Jersey,1976-1985,138
49.214439,-2.13125,Jersey,1986-1995,121
49.214439,-2.13125,Jersey,1996-2005,218
49.214439,-2.13125,Jersey,2006-2015,232
53.41291,-8.24389,Ireland,1900-1945,172
53.41291,-8.24389,Ireland,1946-1955,1682
53.41291,-8.24389,Ireland,1956-1965,4016
53.41291,-8.24389,Ireland,1966-1975,10084
53.41291,-8.24389,Ireland,1976-1985,5513
53.41291,-8.24389,Ireland,1986-1995,10014
53.41291,-8.24389,Ireland,1996-2005,8641
53.41291,-8.24389,Ireland,2006-2015,31693
47.516231,14.550072,Austria,1900-1945,234
47.516231,14.550072,Austria,1946-1955,3908
47.516231,14.550072,Austria,1956-1965,4474
47.516231,14.550072,Austria,1966-1975,2113
47.516231,14.550072,Austria,1976-1985,1131
47.516231,14.550072,Austria,1986-1995,965
47.516231,14.550072,Austria,1996-2005,894
47.516231,14.550072,Austria,2006-2015,1024
50.503887,4.469936,Belgium,1900-1945,18
50.503887,4.469936,Belgium,1946-1955,394
50.503887,4.469936,Belgium,1956-1965,791
50.503887,4.469936,Belgium,1966-1975,883
50.503887,4.469936,Belgium,1976-1985,583
50.503887,4.469936,Belgium,1986-1995,492
50.503887,4.469936,Belgium,1996-2005,906
50.503887,4.469936,Belgium,2006-2015,1930
46.227638,2.213749,France,1900-1945,51
46.227638,2.213749,France,1946-1955,928
46.227638,2.213749,France,1956-1965,1037
46.227638,2.213749,France,1966-1975,4474
46.227638,2.213749,France,1976-1985,2080
46.227638,2.213749,France,1986-1995,2153
46.227638,2.213749,France,1996-2005,4106
46.227638,2.213749,France,2006-2015,13445
51.165691,10.451526,Germany,1900-1945,479
51.165691,10.451526,Germany,1946-1955,27449
51.165691,10.451526,Germany,1956-1965,17916
51.165691,10.451526,Germany,1966-1975,11271
51.165691,10.451526,Germany,1976-1985,9436
51.165691,10.451526,Germany,1986-1995,6605
51.165691,10.451526,Germany,1996-2005,9766
51.165691,10.451526,Germany,2006-2015,15077
47.166,9.555373,Liechtenstein,1900-1945,0
47.166,9.555373,Liechtenstein,1946-1955,0
47.166,9.555373,Liechtenstein,1956-1965,0
47.166,9.555373,Liechtenstein,1966-1975,5
47.166,9.555373,Liechtenstein,1976-1985,0
47.166,9.555373,Liechtenstein,1986-1995,3
47.166,9.555373,Liechtenstein,1996-2005,0
47.166,9.555373,Liechtenstein,2006-2015,6
49.815273,6.129583,Luxembourg,1900-1945,0
49.815273,6.129583,Luxembourg,1946-1955,8
49.815273,6.129583,Luxembourg,1956-1965,10
49.815273,6.129583,Luxembourg,1966-1975,37
49.815273,6.129583,Luxembourg,1976-1985,21
49.815273,6.129583,Luxembourg,1986-1995,26
49.815273,6.129583,Luxembourg,1996-2005,41
49.815273,6.129583,Luxembourg,2006-2015,65
43.750298,7.412841,Monaco,1900-1945,0
43.750298,7.412841,Monaco,1946-1955,0
43.750298,7.412841,Monaco,1956-1965,6
43.750298,7.412841,Monaco,1966-1975,8
43.750298,7.412841,Monaco,1976-1985,5
43.750298,7.412841,Monaco,1986-1995,4
43.750298,7.412841,Monaco,1996-2005,15
43.750298,7.412841,Monaco,2006-2015,29
52.132633,5.291266,Netherlands,1900-1945,116
52.132633,5.291266,Netherlands,1946-1955,22350
52.132633,5.291266,Netherlands,1956-1965,18849
52.132633,5.291266,Netherlands,1966-1975,6510
52.132633,5.291266,Netherlands,1976-1985,5795
52.132633,5.291266,Netherlands,1986-1995,2674
52.132633,5.291266,Netherlands,1996-2005,4488
52.132633,5.291266,Netherlands,2006-2015,6577
46.818188,8.227512,Switzerland,1900-1945,30
46.818188,8.227512,Switzerland,1946-1955,374
46.818188,8.227512,Switzerland,1956-1965,893
46.818188,8.227512,Switzerland,1966-1975,2140
46.818188,8.227512,Switzerland,1976-1985,1604
46.818188,8.227512,Switzerland,1986-1995,1810
46.818188,8.227512,Switzerland,1996-2005,2119
46.818188,8.227512,Switzerland,2006-2015,2596
56.26392,9.501785,Denmark,1900-1945,16
56.26392,9.501785,Denmark,1946-1955,248
56.26392,9.501785,Denmark,1956-1965,1232
56.26392,9.501785,Denmark,1966-1975,1999
56.26392,9.501785,Denmark,1976-1985,1352
56.26392,9.501785,Denmark,1986-1995,1263
56.26392,9.501785,Denmark,1996-2005,967
56.26392,9.501785,Denmark,2006-2015,1244
61.892635,-6.911806,Faroe Islands,1900-1945,0
61.892635,-6.911806,Faroe Islands,1946-1955,0
61.892635,-6.911806,Faroe Islands,1956-1965,0
61.892635,-6.911806,Faroe Islands,1966-1975,5
61.892635,-6.911806,Faroe Islands,1976-1985,3
61.892635,-6.911806,Faroe Islands,1986-1995,4
61.892635,-6.911806,Faroe Islands,1996-2005,0
61.892635,-6.911806,Faroe Islands,2006-2015,3
61.92411,25.748151,Finland,1900-1945,14
61.92411,25.748151,Finland,1946-1955,115
61.92411,25.748151,Finland,1956-1965,1900
61.92411,25.748151,Finland,1966-1975,2710
61.92411,25.748151,Finland,1976-1985,526
61.92411,25.748151,Finland,1986-1995,410
61.92411,25.748151,Finland,1996-2005,504
61.92411,25.748151,Finland,2006-2015,1152
71.706936,-42.604303,Greenland,1900-1945,0
71.706936,-42.604303,Greenland,1946-1955,0
71.706936,-42.604303,Greenland,1956-1965,3
71.706936,-42.604303,Greenland,1966-1975,8
71.706936,-42.604303,Greenland,1976-1985,3
71.706936,-42.604303,Greenland,1986-1995,4
71.706936,-42.604303,Greenland,1996-2005,13
71.706936,-42.604303,Greenland,2006-2015,3
64.963051,-19.020835,Iceland,1900-1945,0
64.963051,-19.020835,Iceland,1946-1955,7
64.963051,-19.020835,Iceland,1956-1965,12
64.963051,-19.020835,Iceland,1966-1975,87
64.963051,-19.020835,Iceland,1976-1985,62
64.963051,-19.020835,Iceland,1986-1995,71
64.963051,-19.020835,Iceland,1996-2005,44
64.963051,-19.020835,Iceland,2006-2015,160
60.472024,8.468946,Norway,1900-1945,5
60.472024,8.468946,Norway,1946-1955,160
60.472024,8.468946,Norway,1956-1965,336
60.472024,8.468946,Norway,1966-1975,467
60.472024,8.468946,Norway,1976-1985,189
60.472024,8.468946,Norway,1986-1995,294
60.472024,8.468946,Norway,1996-2005,663
60.472024,8.468946,Norway,2006-2015,1224
60.128161,18.643501,Sweden,1900-1945,7
60.128161,18.643501,Sweden,1946-1955,136
60.128161,18.643501,Sweden,1956-1965,402
60.128161,18.643501,Sweden,1966-1975,1366
60.128161,18.643501,Sweden,1976-1985,715
60.128161,18.643501,Sweden,1986-1995,1259
60.128161,18.643501,Sweden,1996-2005,1735
60.128161,18.643501,Sweden,2006-2015,3243
42.546245,1.601554,Andorra,1900-1945,0
42.546245,1.601554,Andorra,1946-1955,0
42.546245,1.601554,Andorra,1956-1965,0
42.546245,1.601554,Andorra,1966-1975,4
42.546245,1.601554,Andorra,1976-1985,0
42.546245,1.601554,Andorra,1986-1995,0
42.546245,1.601554,Andorra,1996-2005,6
42.546245,1.601554,Andorra,2006-2015,9
36.137741,-5.345374,Gibraltar,1900-1945,0
36.137741,-5.345374,Gibraltar,1946-1955,8
36.137741,-5.345374,Gibraltar,1956-1965,56
36.137741,-5.345374,Gibraltar,1966-1975,131
36.137741,-5.345374,Gibraltar,1976-1985,59
36.137741,-5.345374,Gibraltar,1986-1995,46
36.137741,-5.345374,Gibraltar,1996-2005,45
36.137741,-5.345374,Gibraltar,2006-2015,71
41.87194,12.56738,Italy,1900-1945,1486
41.87194,12.56738,Italy,1946-1955,37633
41.87194,12.56738,Italy,1956-1965,65176
41.87194,12.56738,Italy,1966-1975,33582
41.87194,12.56738,Italy,1976-1985,5382
41.87194,12.56738,Italy,1986-1995,2790
41.87194,12.56738,Italy,1996-2005,3533
41.87194,12.56738,Italy,2006-2015,14391
35.937496,14.375416,Malta,1900-1945,130
35.937496,14.375416,Malta,1946-1955,11248
35.937496,14.375416,Malta,1956-1965,13375
35.937496,14.375416,Malta,1966-1975,6732
35.937496,14.375416,Malta,1976-1985,2545
35.937496,14.375416,Malta,1986-1995,905
35.937496,14.375416,Malta,1996-2005,510
35.937496,14.375416,Malta,2006-2015,652
39.399872,-8.224454,Portugal,1900-1945,3
39.399872,-8.224454,Portugal,1946-1955,75
39.399872,-8.224454,Portugal,1956-1965,571
39.399872,-8.224454,Portugal,1966-1975,5101
39.399872,-8.224454,Portugal,1976-1985,3225
39.399872,-8.224454,Portugal,1986-1995,3517
39.399872,-8.224454,Portugal,1996-2005,730
39.399872,-8.224454,Portugal,2006-2015,1979
43.94236,12.457777,San Marino,1900-1945,0
43.94236,12.457777,San Marino,1946-1955,0
43.94236,12.457777,San Marino,1956-1965,0
43.94236,12.457777,San Marino,1966-1975,0
43.94236,12.457777,San Marino,1976-1985,0
43.94236,12.457777,San Marino,1986-1995,0
43.94236,12.457777,San Marino,1996-2005,0
43.94236,12.457777,San Marino,2006-2015,3
40.463667,-3.74922,Spain,1900-1945,21
40.463667,-3.74922,Spain,1946-1955,112
40.463667,-3.74922,Spain,1956-1965,2870
40.463667,-3.74922,Spain,1966-1975,4026
40.463667,-3.74922,Spain,1976-1985,1598
40.463667,-3.74922,Spain,1986-1995,651
40.463667,-3.74922,Spain,1996-2005,738
40.463667,-3.74922,Spain,2006-2015,4175
41.153332,20.168331,Albania,1900-1945,23
41.153332,20.168331,Albania,1946-1955,47
41.153332,20.168331,Albania,1956-1965,49
41.153332,20.168331,Albania,1966-1975,105
41.153332,20.168331,Albania,1976-1985,48
41.153332,20.168331,Albania,1986-1995,209
41.153332,20.168331,Albania,1996-2005,1057
41.153332,20.168331,Albania,2006-2015,1117
43.915886,17.679076,Bosnia and Herzegovina,1900-1945,3
43.915886,17.679076,Bosnia and Herzegovina,1946-1955,76
43.915886,17.679076,Bosnia and Herzegovina,1956-1965,456
43.915886,17.679076,Bosnia and Herzegovina,1966-1975,2641
43.915886,17.679076,Bosnia and Herzegovina,1976-1985,645
43.915886,17.679076,Bosnia and Herzegovina,1986-1995,7228
43.915886,17.679076,Bosnia and Herzegovina,1996-2005,11097
43.915886,17.679076,Bosnia and Herzegovina,2006-2015,1320
42.733883,25.48583,Bulgaria,1900-1945,20
42.733883,25.48583,Bulgaria,1946-1955,86
42.733883,25.48583,Bulgaria,1956-1965,50
42.733883,25.48583,Bulgaria,1966-1975,210
42.733883,25.48583,Bulgaria,1976-1985,202
42.733883,25.48583,Bulgaria,1986-1995,699
42.733883,25.48583,Bulgaria,1996-2005,831
42.733883,25.48583,Bulgaria,2006-2015,1040
45.1,15.2,Croatia,1900-1945,135
45.1,15.2,Croatia,1946-1955,1159
45.1,15.2,Croatia,1956-1965,9264
45.1,15.2,Croatia,1966-1975,18157
45.1,15.2,Croatia,1976-1985,1859
45.1,15.2,Croatia,1986-1995,4239
45.1,15.2,Croatia,1996-2005,6122
45.1,15.2,Croatia,2006-2015,1260
35.126413,33.429859,Cyprus,1900-1945,29
35.126413,33.429859,Cyprus,1946-1955,2133
35.126413,33.429859,Cyprus,1956-1965,2088
35.126413,33.429859,Cyprus,1966-1975,6180
35.126413,33.429859,Cyprus,1976-1985,3734
35.126413,33.429859,Cyprus,1986-1995,1058
35.126413,33.429859,Cyprus,1996-2005,515
35.126413,33.429859,Cyprus,2006-2015,655
41.608635,21.745275,Macedonia [FYROM],1900-1945,51
41.608635,21.745275,Macedonia [FYROM],1946-1955,519
41.608635,21.745275,Macedonia [FYROM],1956-1965,2916
41.608635,21.745275,Macedonia [FYROM],1966-1975,17629
41.608635,21.745275,Macedonia [FYROM],1976-1985,4218
41.608635,21.745275,Macedonia [FYROM],1986-1995,5979
41.608635,21.745275,Macedonia [FYROM],1996-2005,3521
41.608635,21.745275,Macedonia [FYROM],2006-2015,2706
39.074208,21.824312,Greece,1900-1945,329
39.074208,21.824312,Greece,1946-1955,9246
39.074208,21.824312,Greece,1956-1965,39150
39.074208,21.824312,Greece,1966-1975,27663
39.074208,21.824312,Greece,1976-1985,3944
39.074208,21.824312,Greece,1986-1995,2278
39.074208,21.824312,Greece,1996-2005,1605
39.074208,21.824312,Greece,2006-2015,5355
47.411631,28.369885,Moldova,1900-1945,0
47.411631,28.369885,Moldova,1946-1955,0
47.411631,28.369885,Moldova,1956-1965,0
47.411631,28.369885,Moldova,1966-1975,5
47.411631,28.369885,Moldova,1976-1985,59
47.411631,28.369885,Moldova,1986-1995,311
47.411631,28.369885,Moldova,1996-2005,264
47.411631,28.369885,Moldova,2006-2015,313
45.943161,24.96676,Romania,1900-1945,16
45.943161,24.96676,Romania,1946-1955,441
45.943161,24.96676,Romania,1956-1965,382
45.943161,24.96676,Romania,1966-1975,330
45.943161,24.96676,Romania,1976-1985,2419
45.943161,24.96676,Romania,1986-1995,4490
45.943161,24.96676,Romania,1996-2005,2688
45.943161,24.96676,Romania,2006-2015,3143
46.151241,14.995463,Slovenia,1900-1945,8
46.151241,14.995463,Slovenia,1946-1955,697
46.151241,14.995463,Slovenia,1956-1965,2043
46.151241,14.995463,Slovenia,1966-1975,1294
46.151241,14.995463,Slovenia,1976-1985,173
46.151241,14.995463,Slovenia,1986-1995,244
46.151241,14.995463,Slovenia,1996-2005,221
46.151241,14.995463,Slovenia,2006-2015,621
42.708678,19.37439,Montenegro,1900-1945,4
42.708678,19.37439,Montenegro,1946-1955,13
42.708678,19.37439,Montenegro,1956-1965,79
42.708678,19.37439,Montenegro,1966-1975,335
42.708678,19.37439,Montenegro,1976-1985,159
42.708678,19.37439,Montenegro,1986-1995,254
42.708678,19.37439,Montenegro,1996-2005,238
42.708678,19.37439,Montenegro,2006-2015,152
44.016521,21.005859,Serbia,1900-1945,8
44.016521,21.005859,Serbia,1946-1955,278
44.016521,21.005859,Serbia,1956-1965,1057
44.016521,21.005859,Serbia,1966-1975,6613
44.016521,21.005859,Serbia,1976-1985,1663
44.016521,21.005859,Serbia,1986-1995,3468
44.016521,21.005859,Serbia,1996-2005,4182
44.016521,21.005859,Serbia,2006-2015,2255
42.602636,20.902977,Kosovo,1900-1945,0
42.602636,20.902977,Kosovo,1946-1955,0
42.602636,20.902977,Kosovo,1956-1965,30
42.602636,20.902977,Kosovo,1966-1975,93
42.602636,20.902977,Kosovo,1976-1985,51
42.602636,20.902977,Kosovo,1986-1995,107
42.602636,20.902977,Kosovo,1996-2005,607
42.602636,20.902977,Kosovo,2006-2015,234
53.709807,27.953389,Belarus,1900-1945,0
53.709807,27.953389,Belarus,1946-1955,120
53.709807,27.953389,Belarus,1956-1965,13
53.709807,27.953389,Belarus,1966-1975,3
53.709807,27.953389,Belarus,1976-1985,102
53.709807,27.953389,Belarus,1986-1995,503
53.709807,27.953389,Belarus,1996-2005,369
53.709807,27.953389,Belarus,2006-2015,525
49.817492,15.472962,Czech Republic,1900-1945,14
49.817492,15.472962,Czech Republic,1946-1955,614
49.817492,15.472962,Czech Republic,1956-1965,131
49.817492,15.472962,Czech Republic,1966-1975,1384
49.817492,15.472962,Czech Republic,1976-1985,1362
49.817492,15.472962,Czech Republic,1986-1995,880
49.817492,15.472962,Czech Republic,1996-2005,1023
49.817492,15.472962,Czech Republic,2006-2015,1909
58.595272,25.013607,Estonia,1900-1945,19
58.595272,25.013607,Estonia,1946-1955,753
58.595272,25.013607,Estonia,1956-1965,34
58.595272,25.013607,Estonia,1966-1975,17
58.595272,25.013607,Estonia,1976-1985,15
58.595272,25.013607,Estonia,1986-1995,56
58.595272,25.013607,Estonia,1996-2005,108
58.595272,25.013607,Estonia,2006-2015,1207
47.162494,19.503304,Hungary,1900-1945,75
47.162494,19.503304,Hungary,1946-1955,2091
47.162494,19.503304,Hungary,1956-1965,5568
47.162494,19.503304,Hungary,1966-1975,1637
47.162494,19.503304,Hungary,1976-1985,1844
47.162494,19.503304,Hungary,1986-1995,2041
47.162494,19.503304,Hungary,1996-2005,1037
47.162494,19.503304,Hungary,2006-2015,2801
56.879635,24.603189,Latvia,1900-1945,40
56.879635,24.603189,Latvia,1946-1955,2392
56.879635,24.603189,Latvia,1956-1965,75
56.879635,24.603189,Latvia,1966-1975,54
56.879635,24.603189,Latvia,1976-1985,91
56.879635,24.603189,Latvia,1986-1995,199
56.879635,24.603189,Latvia,1996-2005,286
56.879635,24.603189,Latvia,2006-2015,435
55.169438,23.881275,Lithuania,1900-1945,27
55.169438,23.881275,Lithuania,1946-1955,1078
55.169438,23.881275,Lithuania,1956-1965,62
55.169438,23.881275,Lithuania,1966-1975,35
55.169438,23.881275,Lithuania,1976-1985,72
55.169438,23.881275,Lithuania,1986-1995,176
55.169438,23.881275,Lithuania,1996-2005,247
55.169438,23.881275,Lithuania,2006-2015,707
51.919438,19.145136,Poland,1900-1945,292
51.919438,19.145136,Poland,1946-1955,4782
51.919438,19.145136,Poland,1956-1965,4119
51.919438,19.145136,Poland,1966-1975,2552
51.919438,19.145136,Poland,1976-1985,12691
51.919438,19.145136,Poland,1986-1995,9935
51.919438,19.145136,Poland,1996-2005,3777
51.919438,19.145136,Poland,2006-2015,5580
61.52401,105.318756,Russian Federation,1900-1945,37
61.52401,105.318756,Russian Federation,1946-1955,582
61.52401,105.318756,Russian Federation,1956-1965,329
61.52401,105.318756,Russian Federation,1966-1975,244
61.52401,105.318756,Russian Federation,1976-1985,976
61.52401,105.318756,Russian Federation,1986-1995,3407
61.52401,105.318756,Russian Federation,1996-2005,5245
61.52401,105.318756,Russian Federation,2006-2015,8550
48.669026,19.699024,Slovakia,1900-1945,10
48.669026,19.699024,Slovakia,1946-1955,202
48.669026,19.699024,Slovakia,1956-1965,59
48.669026,19.699024,Slovakia,1966-1975,456
48.669026,19.699024,Slovakia,1976-1985,474
48.669026,19.699024,Slovakia,1986-1995,684
48.669026,19.699024,Slovakia,1996-2005,934
48.669026,19.699024,Slovakia,2006-2015,1396
48.379433,31.16558,Ukraine,1900-1945,24
48.379433,31.16558,Ukraine,1946-1955,1762
48.379433,31.16558,Ukraine,1956-1965,154
48.379433,31.16558,Ukraine,1966-1975,200
48.379433,31.16558,Ukraine,1976-1985,1096
48.379433,31.16558,Ukraine,1986-1995,3579
48.379433,31.16558,Ukraine,1996-2005,2763
48.379433,31.16558,Ukraine,2006-2015,3153
28.033886,1.659626,Algeria,1900-1945,0
28.033886,1.659626,Algeria,1946-1955,9
28.033886,1.659626,Algeria,1956-1965,80
28.033886,1.659626,Algeria,1966-1975,202
28.033886,1.659626,Algeria,1976-1985,84
28.033886,1.659626,Algeria,1986-1995,211
28.033886,1.659626,Algeria,1996-2005,379
28.033886,1.659626,Algeria,2006-2015,351
26.820553,30.802498,Egypt,1900-1945,49
26.820553,30.802498,Egypt,1946-1955,2772
26.820553,30.802498,Egypt,1956-1965,5281
26.820553,30.802498,Egypt,1966-1975,6910
26.820553,30.802498,Egypt,1976-1985,2159
26.820553,30.802498,Egypt,1986-1995,6298
26.820553,30.802498,Egypt,1996-2005,4858
26.820553,30.802498,Egypt,2006-2015,9581
26.3351,17.228331,Libya,1900-1945,0
26.3351,17.228331,Libya,1946-1955,60
26.3351,17.228331,Libya,1956-1965,384
26.3351,17.228331,Libya,1966-1975,322
26.3351,17.228331,Libya,1976-1985,133
26.3351,17.228331,Libya,1986-1995,123
26.3351,17.228331,Libya,1996-2005,238
26.3351,17.228331,Libya,2006-2015,1192
31.791702,-7.09262,Morocco,1900-1945,0
31.791702,-7.09262,Morocco,1946-1955,22
31.791702,-7.09262,Morocco,1956-1965,92
31.791702,-7.09262,Morocco,1966-1975,257
31.791702,-7.09262,Morocco,1976-1985,218
31.791702,-7.09262,Morocco,1986-1995,221
31.791702,-7.09262,Morocco,1996-2005,308
31.791702,-7.09262,Morocco,2006-2015,631
12.862807,30.217636,Sudan,1900-1945,8
12.862807,30.217636,Sudan,1946-1955,20
12.862807,30.217636,Sudan,1956-1965,64
12.862807,30.217636,Sudan,1966-1975,359
12.862807,30.217636,Sudan,1976-1985,163
12.862807,30.217636,Sudan,1986-1995,1227
12.862807,30.217636,Sudan,1996-2005,9044
12.862807,30.217636,Sudan,2006-2015,5352
33.886917,9.537499,Tunisia,1900-1945,0
33.886917,9.537499,Tunisia,1946-1955,18
33.886917,9.537499,Tunisia,1956-1965,67
33.886917,9.537499,Tunisia,1966-1975,115
33.886917,9.537499,Tunisia,1976-1985,49
33.886917,9.537499,Tunisia,1986-1995,57
33.886917,9.537499,Tunisia,1996-2005,65
33.886917,9.537499,Tunisia,2006-2015,163
24.215527,-12.885834,Western Sahara,1900-1945,0
24.215527,-12.885834,Western Sahara,1946-1955,0
24.215527,-12.885834,Western Sahara,1956-1965,0
24.215527,-12.885834,Western Sahara,1966-1975,0
24.215527,-12.885834,Western Sahara,1976-1985,0
24.215527,-12.885834,Western Sahara,1986-1995,0
24.215527,-12.885834,Western Sahara,1996-2005,3
24.215527,-12.885834,Western Sahara,2006-2015,0
6.877,31.307,South Sudan,1900-1945,0
6.877,31.307,South Sudan,1946-1955,0
6.877,31.307,South Sudan,1956-1965,0
6.877,31.307,South Sudan,1966-1975,3
6.877,31.307,South Sudan,1976-1985,4
6.877,31.307,South Sudan,1986-1995,29
6.877,31.307,South Sudan,1996-2005,4447
6.877,31.307,South Sudan,2006-2015,2945
25.930414,50.637772,Bahrain,1900-1945,0
25.930414,50.637772,Bahrain,1946-1955,7
25.930414,50.637772,Bahrain,1956-1965,39
25.930414,50.637772,Bahrain,1966-1975,115
25.930414,50.637772,Bahrain,1976-1985,87
25.930414,50.637772,Bahrain,1986-1995,255
25.930414,50.637772,Bahrain,1996-2005,248
25.930414,50.637772,Bahrain,2006-2015,786
31.354676,34.308825,Gaza Strip,1900-1945,115
31.354676,34.308825,Gaza Strip,1946-1955,191
31.354676,34.308825,Gaza Strip,1956-1965,140
31.354676,34.308825,Gaza Strip,1966-1975,557
31.354676,34.308825,Gaza Strip,1976-1985,272
31.354676,34.308825,Gaza Strip,1986-1995,598
31.354676,34.308825,Gaza Strip,1996-2005,394
31.354676,34.308825,Gaza Strip,2006-2015,550
32.427908,53.688046,Iran,1900-1945,12
32.427908,53.688046,Iran,1946-1955,95
32.427908,53.688046,Iran,1956-1965,121
32.427908,53.688046,Iran,1966-1975,1136
32.427908,53.688046,Iran,1976-1985,3400
32.427908,53.688046,Iran,1986-1995,6906
32.427908,53.688046,Iran,1996-2005,8224
32.427908,53.688046,Iran,2006-2015,35310
33.223191,43.679291,Iraq,1900-1945,6
33.223191,43.679291,Iraq,1946-1955,37
33.223191,43.679291,Iraq,1956-1965,153
33.223191,43.679291,Iraq,1966-1975,1349
33.223191,43.679291,Iraq,1976-1985,1703
33.223191,43.679291,Iraq,1986-1995,7431
33.223191,43.679291,Iraq,1996-2005,20010
33.223191,43.679291,Iraq,2006-2015,32336
31.046051,34.851612,Israel,1900-1945,77
31.046051,34.851612,Israel,1946-1955,350
31.046051,34.851612,Israel,1956-1965,670
31.046051,34.851612,Israel,1966-1975,837
31.046051,34.851612,Israel,1976-1985,996
31.046051,34.851612,Israel,1986-1995,1441
31.046051,34.851612,Israel,1996-2005,1988
31.046051,34.851612,Israel,2006-2015,2973
30.585164,36.238414,Jordan,1900-1945,0
30.585164,36.238414,Jordan,1946-1955,0
30.585164,36.238414,Jordan,1956-1965,122
30.585164,36.238414,Jordan,1966-1975,557
30.585164,36.238414,Jordan,1976-1985,281
30.585164,36.238414,Jordan,1986-1995,1093
30.585164,36.238414,Jordan,1996-2005,1241
30.585164,36.238414,Jordan,2006-2015,2086
29.31166,47.481766,Kuwait,1900-1945,0
29.31166,47.481766,Kuwait,1946-1955,0
29.31166,47.481766,Kuwait,1956-1965,27
29.31166,47.481766,Kuwait,1966-1975,155
29.31166,47.481766,Kuwait,1976-1985,162
29.31166,47.481766,Kuwait,1986-1995,919
29.31166,47.481766,Kuwait,1996-2005,1340
29.31166,47.481766,Kuwait,2006-2015,3058
33.854721,35.862285,Lebanon,1900-1945,92
33.854721,35.862285,Lebanon,1946-1955,1060
33.854721,35.862285,Lebanon,1956-1965,3311
33.854721,35.862285,Lebanon,1966-1975,17637
33.854721,35.862285,Lebanon,1976-1985,15536
33.854721,35.862285,Lebanon,1986-1995,15867
33.854721,35.862285,Lebanon,1996-2005,10830
33.854721,35.862285,Lebanon,2006-2015,10496
21.512583,55.923255,Oman,1900-1945,0
21.512583,55.923255,Oman,1946-1955,0
21.512583,55.923255,Oman,1956-1965,0
21.512583,55.923255,Oman,1966-1975,0
21.512583,55.923255,Oman,1976-1985,5
21.512583,55.923255,Oman,1986-1995,74
21.512583,55.923255,Oman,1996-2005,272
21.512583,55.923255,Oman,2006-2015,1072
25.354826,51.183884,Qatar,1900-1945,0
25.354826,51.183884,Qatar,1946-1955,0
25.354826,51.183884,Qatar,1956-1965,3
25.354826,51.183884,Qatar,1966-1975,19
25.354826,51.183884,Qatar,1976-1985,26
25.354826,51.183884,Qatar,1986-1995,96
25.354826,51.183884,Qatar,1996-2005,171
25.354826,51.183884,Qatar,2006-2015,679
23.885942,45.079162,Saudi Arabia,1900-1945,0
23.885942,45.079162,Saudi Arabia,1946-1955,0
23.885942,45.079162,Saudi Arabia,1956-1965,14
23.885942,45.079162,Saudi Arabia,1966-1975,51
23.885942,45.079162,Saudi Arabia,1976-1985,80
23.885942,45.079162,Saudi Arabia,1986-1995,604
23.885942,45.079162,Saudi Arabia,1996-2005,1158
23.885942,45.079162,Saudi Arabia,2006-2015,8823
34.802075,38.996815,Syria,1900-1945,0
34.802075,38.996815,Syria,1946-1955,22
34.802075,38.996815,Syria,1956-1965,133
34.802075,38.996815,Syria,1966-1975,1413
34.802075,38.996815,Syria,1976-1985,1038
34.802075,38.996815,Syria,1986-1995,2241
34.802075,38.996815,Syria,1996-2005,1870
34.802075,38.996815,Syria,2006-2015,5871
38.963745,35.243322,Turkey,1900-1945,14
38.963745,35.243322,Turkey,1946-1955,107
38.963745,35.243322,Turkey,1956-1965,270
38.963745,35.243322,Turkey,1966-1975,9210
38.963745,35.243322,Turkey,1976-1985,4815
38.963745,35.243322,Turkey,1986-1995,6205
38.963745,35.243322,Turkey,1996-2005,5129
38.963745,35.243322,Turkey,2006-2015,4949
23.424076,53.847818,United Arab Emirates,1900-1945,0
23.424076,53.847818,United Arab Emirates,1946-1955,0
23.424076,53.847818,United Arab Emirates,1956-1965,0
23.424076,53.847818,United Arab Emirates,1966-1975,18
23.424076,53.847818,United Arab Emirates,1976-1985,101
23.424076,53.847818,United Arab Emirates,1986-1995,512
23.424076,53.847818,United Arab Emirates,1996-2005,1466
23.424076,53.847818,United Arab Emirates,2006-2015,5265
15.552727,48.516388,Yemen,1900-1945,0
15.552727,48.516388,Yemen,1946-1955,0
15.552727,48.516388,Yemen,1956-1965,33
15.552727,48.516388,Yemen,1966-1975,110
15.552727,48.516388,Yemen,1976-1985,38
15.552727,48.516388,Yemen,1986-1995,62
15.552727,48.516388,Yemen,1996-2005,166
15.552727,48.516388,Yemen,2006-2015,230
21.913965,95.956223,Myanmar,1900-1945,28
21.913965,95.956223,Myanmar,1946-1955,265
21.913965,95.956223,Myanmar,1956-1965,445
21.913965,95.956223,Myanmar,1966-1975,2766
21.913965,95.956223,Myanmar,1976-1985,1066
21.913965,95.956223,Myanmar,1986-1995,2698
21.913965,95.956223,Myanmar,1996-2005,3498
21.913965,95.956223,Myanmar,2006-2015,19843
12.565679,104.990963,Cambodia,1900-1945,0
12.565679,104.990963,Cambodia,1946-1955,0
12.565679,104.990963,Cambodia,1956-1965,14
12.565679,104.990963,Cambodia,1966-1975,227
12.565679,104.990963,Cambodia,1976-1985,9357
12.565679,104.990963,Cambodia,1986-1995,8172
12.565679,104.990963,Cambodia,1996-2005,5673
12.565679,104.990963,Cambodia,2006-2015,7939
19.85627,102.495496,Laos,1900-1945,0
19.85627,102.495496,Laos,1946-1955,0
19.85627,102.495496,Laos,1956-1965,14
19.85627,102.495496,Laos,1966-1975,215
19.85627,102.495496,Laos,1976-1985,5164
19.85627,102.495496,Laos,1986-1995,2587
19.85627,102.495496,Laos,1996-2005,739
19.85627,102.495496,Laos,2006-2015,1216
15.870032,100.992541,Thailand,1900-1945,3
15.870032,100.992541,Thailand,1946-1955,22
15.870032,100.992541,Thailand,1956-1965,112
15.870032,100.992541,Thailand,1966-1975,716
15.870032,100.992541,Thailand,1976-1985,3774
15.870032,100.992541,Thailand,1986-1995,8030
15.870032,100.992541,Thailand,1996-2005,12960
15.870032,100.992541,Thailand,2006-2015,34408
14.058324,108.277199,Vietnam,1900-1945,16
14.058324,108.277199,Vietnam,1946-1955,62
14.058324,108.277199,Vietnam,1956-1965,150
14.058324,108.277199,Vietnam,1966-1975,1931
14.058324,108.277199,Vietnam,1976-1985,62923
14.058324,108.277199,Vietnam,1986-1995,60846
14.058324,108.277199,Vietnam,1996-2005,25831
14.058324,108.277199,Vietnam,2006-2015,54904
4.535277,114.727669,Brunei,1900-1945,0
4.535277,114.727669,Brunei,1946-1955,11
4.535277,114.727669,Brunei,1956-1965,55
4.535277,114.727669,Brunei,1966-1975,117
4.535277,114.727669,Brunei,1976-1985,236
4.535277,114.727669,Brunei,1986-1995,841
4.535277,114.727669,Brunei,1996-2005,581
4.535277,114.727669,Brunei,2006-2015,738
-0.789275,113.921327,Indonesia,1900-1945,112
-0.789275,113.921327,Indonesia,1946-1955,1156
-0.789275,113.921327,Indonesia,1956-1965,1314
-0.789275,113.921327,Indonesia,1966-1975,2083
-0.789275,113.921327,Indonesia,1976-1985,4869
-0.789275,113.921327,Indonesia,1986-1995,9185
-0.789275,113.921327,Indonesia,1996-2005,20604
-0.789275,113.921327,Indonesia,2006-2015,28894
4.210484,101.975766,Malaysia,1900-1945,250
4.210484,101.975766,Malaysia,1946-1955,321
4.210484,101.975766,Malaysia,1956-1965,3004
4.210484,101.975766,Malaysia,1966-1975,9442
4.210484,101.975766,Malaysia,1976-1985,17713
4.210484,101.975766,Malaysia,1986-1995,25846
4.210484,101.975766,Malaysia,1996-2005,21852
4.210484,101.975766,Malaysia,2006-2015,49886
12.879721,121.774017,Philippines,1900-1945,35
12.879721,121.774017,Philippines,1946-1955,75
12.879721,121.774017,Philippines,1956-1965,434
12.879721,121.774017,Philippines,1966-1975,3420
12.879721,121.774017,Philippines,1976-1985,20339
12.879721,121.774017,Philippines,1986-1995,50774
12.879721,121.774017,Philippines,1996-2005,35847
12.879721,121.774017,Philippines,2006-2015,108153
1.352083,103.819836,Singapore,1900-1945,186
1.352083,103.819836,Singapore,1946-1955,250
1.352083,103.819836,Singapore,1956-1965,1206
1.352083,103.819836,Singapore,1966-1975,4099
1.352083,103.819836,Singapore,1976-1985,5293
1.352083,103.819836,Singapore,1986-1995,7538
1.352083,103.819836,Singapore,1996-2005,12563
1.352083,103.819836,Singapore,2006-2015,20076
-8.874217,125.727539,Timor-Leste,1900-1945,3
-8.874217,125.727539,Timor-Leste,1946-1955,7
-8.874217,125.727539,Timor-Leste,1956-1965,12
-8.874217,125.727539,Timor-Leste,1966-1975,1270
-8.874217,125.727539,Timor-Leste,1976-1985,3499
-8.874217,125.727539,Timor-Leste,1986-1995,3096
-8.874217,125.727539,Timor-Leste,1996-2005,562
-8.874217,125.727539,Timor-Leste,2006-2015,444
35.86166,104.195397,China,1900-1945,390
35.86166,104.195397,China,1946-1955,1686
35.86166,104.195397,China,1956-1965,4133
35.86166,104.195397,China,1966-1975,3042
35.86166,104.195397,China,1976-1985,10775
35.86166,104.195397,China,1986-1995,62443
35.86166,104.195397,China,1996-2005,101826
35.86166,104.195397,China,2006-2015,275899
22.396428,114.109497,Hong Kong,1900-1945,191
22.396428,114.109497,Hong Kong,1946-1955,337
22.396428,114.109497,Hong Kong,1956-1965,1257
22.396428,114.109497,Hong Kong,1966-1975,4107
22.396428,114.109497,Hong Kong,1976-1985,11953
22.396428,114.109497,Hong Kong,1986-1995,26463
22.396428,114.109497,Hong Kong,1996-2005,15996
22.396428,114.109497,Hong Kong,2006-2015,21851
46.862496,103.846656,Mongolia,1900-1945,0
46.862496,103.846656,Mongolia,1946-1955,0
46.862496,103.846656,Mongolia,1956-1965,3
46.862496,103.846656,Mongolia,1966-1975,0
46.862496,103.846656,Mongolia,1976-1985,10
46.862496,103.846656,Mongolia,1986-1995,14
46.862496,103.846656,Mongolia,1996-2005,172
46.862496,103.846656,Mongolia,2006-2015,1476
23.69781,120.960515,Taiwan,1900-1945,0
23.69781,120.960515,Taiwan,1946-1955,0
23.69781,120.960515,Taiwan,1956-1965,23
23.69781,120.960515,Taiwan,1966-1975,193
23.69781,120.960515,Taiwan,1976-1985,1096
23.69781,120.960515,Taiwan,1986-1995,8910
23.69781,120.960515,Taiwan,1996-2005,9385
23.69781,120.960515,Taiwan,2006-2015,20948
36.204824,138.252924,Japan,1900-1945,33
36.204824,138.252924,Japan,1946-1955,388
36.204824,138.252924,Japan,1956-1965,363
36.204824,138.252924,Japan,1966-1975,829
36.204824,138.252924,Japan,1976-1985,1717
36.204824,138.252924,Japan,1986-1995,5910
36.204824,138.252924,Japan,1996-2005,11630
36.204824,138.252924,Japan,2006-2015,16697
40.339852,127.510093,"Korea, Democratic People's Republic of (North)",1900-1945,0
40.339852,127.510093,"Korea, Democratic People's Republic of (North)",1946-1955,0
40.339852,127.510093,"Korea, Democratic People's Republic of (North)",1956-1965,0
40.339852,127.510093,"Korea, Democratic People's Republic of (North)",1966-1975,7
40.339852,127.510093,"Korea, Democratic People's Republic of (North)",1976-1985,10
40.339852,127.510093,"Korea, Democratic People's Republic of (North)",1986-1995,14
40.339852,127.510093,"Korea, Democratic People's Republic of (North)",1996-2005,11
40.339852,127.510093,"Korea, Democratic People's Republic of (North)",2006-2015,14
35.907757,127.766922,"Korea, Republic of (South)",1900-1945,7
35.907757,127.766922,"Korea, Republic of (South)",1946-1955,8
35.907757,127.766922,"Korea, Republic of (South)",1956-1965,41
35.907757,127.766922,"Korea, Republic of (South)",1966-1975,595
35.907757,127.766922,"Korea, Republic of (South)",1976-1985,4871
35.907757,127.766922,"Korea, Republic of (South)",1986-1995,11927
35.907757,127.766922,"Korea, Republic of (South)",1996-2005,23672
35.907757,127.766922,"Korea, Republic of (South)",2006-2015,48362
23.684994,90.356331,Bangladesh,1900-1945,0
23.684994,90.356331,Bangladesh,1946-1955,0
23.684994,90.356331,Bangladesh,1956-1965,31
23.684994,90.356331,Bangladesh,1966-1975,256
23.684994,90.356331,Bangladesh,1976-1985,532
23.684994,90.356331,Bangladesh,1986-1995,3056
23.684994,90.356331,Bangladesh,1996-2005,11407
23.684994,90.356331,Bangladesh,2006-2015,23532
27.514162,90.433601,Bhutan,1900-1945,0
27.514162,90.433601,Bhutan,1946-1955,0
27.514162,90.433601,Bhutan,1956-1965,0
27.514162,90.433601,Bhutan,1966-1975,0
27.514162,90.433601,Bhutan,1976-1985,0
27.514162,90.433601,Bhutan,1986-1995,8
27.514162,90.433601,Bhutan,1996-2005,55
27.514162,90.433601,Bhutan,2006-2015,5151
20.593684,78.96288,India,1900-1945,218
20.593684,78.96288,India,1946-1955,2307
20.593684,78.96288,India,1956-1965,2300
20.593684,78.96288,India,1966-1975,15789
20.593684,78.96288,India,1976-1985,9188
20.593684,78.96288,India,1986-1995,26578
20.593684,78.96288,India,1996-2005,69459
20.593684,78.96288,India,2006-2015,291421
3.202778,73.22068,Maldives,1900-1945,0
3.202778,73.22068,Maldives,1946-1955,0
3.202778,73.22068,Maldives,1956-1965,0
3.202778,73.22068,Maldives,1966-1975,7
3.202778,73.22068,Maldives,1976-1985,10
3.202778,73.22068,Maldives,1986-1995,20
3.202778,73.22068,Maldives,1996-2005,111
3.202778,73.22068,Maldives,2006-2015,341
28.394857,84.124008,Nepal,1900-1945,0
28.394857,84.124008,Nepal,1946-1955,0
28.394857,84.124008,Nepal,1956-1965,4
28.394857,84.124008,Nepal,1966-1975,19
28.394857,84.124008,Nepal,1976-1985,60
28.394857,84.124008,Nepal,1986-1995,755
28.394857,84.124008,Nepal,1996-2005,3425
28.394857,84.124008,Nepal,2006-2015,43642
30.375321,69.345116,Pakistan,1900-1945,3
30.375321,69.345116,Pakistan,1946-1955,92
30.375321,69.345116,Pakistan,1956-1965,147
30.375321,69.345116,Pakistan,1966-1975,631
30.375321,69.345116,Pakistan,1976-1985,1234
30.375321,69.345116,Pakistan,1986-1995,3861
30.375321,69.345116,Pakistan,1996-2005,9504
30.375321,69.345116,Pakistan,2006-2015,41248
7.873054,80.771797,Sri Lanka,1900-1945,61
7.873054,80.771797,Sri Lanka,1946-1955,515
7.873054,80.771797,Sri Lanka,1956-1965,1787
7.873054,80.771797,Sri Lanka,1966-1975,6324
7.873054,80.771797,Sri Lanka,1976-1985,6049
7.873054,80.771797,Sri Lanka,1986-1995,20611
7.873054,80.771797,Sri Lanka,1996-2005,19830
7.873054,80.771797,Sri Lanka,2006-2015,49321
33.93911,67.709953,Afghanistan,1900-1945,0
33.93911,67.709953,Afghanistan,1946-1955,4
33.93911,67.709953,Afghanistan,1956-1965,3
33.93911,67.709953,Afghanistan,1966-1975,47
33.93911,67.709953,Afghanistan,1976-1985,574
33.93911,67.709953,Afghanistan,1986-1995,3827
33.93911,67.709953,Afghanistan,1996-2005,10965
33.93911,67.709953,Afghanistan,2006-2015,28596
40.069099,45.038189,Armenia,1900-1945,0
40.069099,45.038189,Armenia,1946-1955,4
40.069099,45.038189,Armenia,1956-1965,20
40.069099,45.038189,Armenia,1966-1975,103
40.069099,45.038189,Armenia,1976-1985,96
40.069099,45.038189,Armenia,1986-1995,374
40.069099,45.038189,Armenia,1996-2005,251
40.069099,45.038189,Armenia,2006-2015,267
40.143105,47.576927,Azerbaijan,1900-1945,0
40.143105,47.576927,Azerbaijan,1946-1955,0
40.143105,47.576927,Azerbaijan,1956-1965,0
40.143105,47.576927,Azerbaijan,1966-1975,3
40.143105,47.576927,Azerbaijan,1976-1985,20
40.143105,47.576927,Azerbaijan,1986-1995,87
40.143105,47.576927,Azerbaijan,1996-2005,121
40.143105,47.576927,Azerbaijan,2006-2015,268
42.315407,43.356892,Georgia,1900-1945,0
42.315407,43.356892,Georgia,1946-1955,0
42.315407,43.356892,Georgia,1956-1965,0
42.315407,43.356892,Georgia,1966-1975,9
42.315407,43.356892,Georgia,1976-1985,29
42.315407,43.356892,Georgia,1986-1995,128
42.315407,43.356892,Georgia,1996-2005,159
42.315407,43.356892,Georgia,2006-2015,143
48.019573,66.923684,Kazakhstan,1900-1945,0
48.019573,66.923684,Kazakhstan,1946-1955,8
48.019573,66.923684,Kazakhstan,1956-1965,10
48.019573,66.923684,Kazakhstan,1966-1975,12
48.019573,66.923684,Kazakhstan,1976-1985,14
48.019573,66.923684,Kazakhstan,1986-1995,171
48.019573,66.923684,Kazakhstan,1996-2005,434
48.019573,66.923684,Kazakhstan,2006-2015,838
41.20438,74.766098,Kyrgyzstan,1900-1945,0
41.20438,74.766098,Kyrgyzstan,1946-1955,0
41.20438,74.766098,Kyrgyzstan,1956-1965,0
41.20438,74.766098,Kyrgyzstan,1966-1975,0
41.20438,74.766098,Kyrgyzstan,1976-1985,0
41.20438,74.766098,Kyrgyzstan,1986-1995,23
41.20438,74.766098,Kyrgyzstan,1996-2005,139
41.20438,74.766098,Kyrgyzstan,2006-2015,225
38.861034,71.276093,Tajikistan,1900-1945,0
38.861034,71.276093,Tajikistan,1946-1955,0
38.861034,71.276093,Tajikistan,1956-1965,0
38.861034,71.276093,Tajikistan,1966-1975,0
38.861034,71.276093,Tajikistan,1976-1985,0
38.861034,71.276093,Tajikistan,1986-1995,22
38.861034,71.276093,Tajikistan,1996-2005,33
38.861034,71.276093,Tajikistan,2006-2015,60
38.969719,59.556278,Turkmenistan,1900-1945,0
38.969719,59.556278,Turkmenistan,1946-1955,0
38.969719,59.556278,Turkmenistan,1956-1965,0
38.969719,59.556278,Turkmenistan,1966-1975,0
38.969719,59.556278,Turkmenistan,1976-1985,0
38.969719,59.556278,Turkmenistan,1986-1995,7
38.969719,59.556278,Turkmenistan,1996-2005,25
38.969719,59.556278,Turkmenistan,2006-2015,48
41.377491,64.585262,Uzbekistan,1900-1945,0
41.377491,64.585262,Uzbekistan,1946-1955,14
41.377491,64.585262,Uzbekistan,1956-1965,15
41.377491,64.585262,Uzbekistan,1966-1975,27
41.377491,64.585262,Uzbekistan,1976-1985,44
41.377491,64.585262,Uzbekistan,1986-1995,250
41.377491,64.585262,Uzbekistan,1996-2005,313
41.377491,64.585262,Uzbekistan,2006-2015,795
32.321384,-64.75737,Bermuda,1900-1945,0
32.321384,-64.75737,Bermuda,1946-1955,13
32.321384,-64.75737,Bermuda,1956-1965,35
32.321384,-64.75737,Bermuda,1966-1975,124
32.321384,-64.75737,Bermuda,1976-1985,36
32.321384,-64.75737,Bermuda,1986-1995,40
32.321384,-64.75737,Bermuda,1996-2005,84
32.321384,-64.75737,Bermuda,2006-2015,120
56.130366,-106.346771,Canada,1900-1945,101
56.130366,-106.346771,Canada,1946-1955,308
56.130366,-106.346771,Canada,1956-1965,1464
56.130366,-106.346771,Canada,1966-1975,5070
56.130366,-106.346771,Canada,1976-1985,4506
56.130366,-106.346771,Canada,1986-1995,5318
56.130366,-106.346771,Canada,1996-2005,8235
56.130366,-106.346771,Canada,2006-2015,15492
37.09024,-95.712891,United States of America,1900-1945,93
37.09024,-95.712891,United States of America,1946-1955,797
37.09024,-95.712891,United States of America,1956-1965,2106
37.09024,-95.712891,United States of America,1966-1975,9150
37.09024,-95.712891,United States of America,1976-1985,7343
37.09024,-95.712891,United States of America,1986-1995,9936
37.09024,-95.712891,United States of America,1996-2005,16584
37.09024,-95.712891,United States of America,2006-2015,33885
-38.416097,-63.616672,Argentina,1900-1945,9
-38.416097,-63.616672,Argentina,1946-1955,56
-38.416097,-63.616672,Argentina,1956-1965,247
-38.416097,-63.616672,Argentina,1966-1975,2838
-38.416097,-63.616672,Argentina,1976-1985,3276
-38.416097,-63.616672,Argentina,1986-1995,2159
-38.416097,-63.616672,Argentina,1996-2005,1491
-38.416097,-63.616672,Argentina,2006-2015,2616
-16.290154,-63.588653,Bolivia,1900-1945,0
-16.290154,-63.588653,Bolivia,1946-1955,6
-16.290154,-63.588653,Bolivia,1956-1965,9
-16.290154,-63.588653,Bolivia,1966-1975,155
-16.290154,-63.588653,Bolivia,1976-1985,148
-16.290154,-63.588653,Bolivia,1986-1995,140
-16.290154,-63.588653,Bolivia,1996-2005,152
-16.290154,-63.588653,Bolivia,2006-2015,224
-14.235004,-51.92528,Brazil,1900-1945,6
-14.235004,-51.92528,Brazil,1946-1955,36
-14.235004,-51.92528,Brazil,1956-1965,113
-14.235004,-51.92528,Brazil,1966-1975,529
-14.235004,-51.92528,Brazil,1976-1985,545
-14.235004,-51.92528,Brazil,1986-1995,1175
-14.235004,-51.92528,Brazil,1996-2005,3420
-14.235004,-51.92528,Brazil,2006-2015,17769
-35.675147,-71.542969,Chile,1900-1945,6
-35.675147,-71.542969,Chile,1946-1955,13
-35.675147,-71.542969,Chile,1956-1965,49
-35.675147,-71.542969,Chile,1966-1975,6129
-35.675147,-71.542969,Chile,1976-1985,6816
-35.675147,-71.542969,Chile,1986-1995,6556
-35.675147,-71.542969,Chile,1996-2005,1602
-35.675147,-71.542969,Chile,2006-2015,3423
4.570868,-74.297333,Colombia,1900-1945,0
4.570868,-74.297333,Colombia,1946-1955,5
4.570868,-74.297333,Colombia,1956-1965,29
4.570868,-74.297333,Colombia,1966-1975,553
4.570868,-74.297333,Colombia,1976-1985,607
4.570868,-74.297333,Colombia,1986-1995,915
4.570868,-74.297333,Colombia,1996-2005,2637
4.570868,-74.297333,Colombia,2006-2015,11814
-1.831239,-78.183406,Ecuador,1900-1945,0
-1.831239,-78.183406,Ecuador,1946-1955,7
-1.831239,-78.183406,Ecuador,1956-1965,3
-1.831239,-78.183406,Ecuador,1966-1975,559
-1.831239,-78.183406,Ecuador,1976-1985,188
-1.831239,-78.183406,Ecuador,1986-1995,271
-1.831239,-78.183406,Ecuador,1996-2005,320
-1.831239,-78.183406,Ecuador,2006-2015,772
-51.796253,-59.523613,Falkland Islands,1900-1945,0
-51.796253,-59.523613,Falkland Islands,1946-1955,7
-51.796253,-59.523613,Falkland Islands,1956-1965,15
-51.796253,-59.523613,Falkland Islands,1966-1975,13
-51.796253,-59.523613,Falkland Islands,1976-1985,7
-51.796253,-59.523613,Falkland Islands,1986-1995,15
-51.796253,-59.523613,Falkland Islands,1996-2005,15
-51.796253,-59.523613,Falkland Islands,2006-2015,13
3.933889,-53.125782,French Guiana,1900-1945,0
3.933889,-53.125782,French Guiana,1946-1955,0
3.933889,-53.125782,French Guiana,1956-1965,0
3.933889,-53.125782,French Guiana,1966-1975,0
3.933889,-53.125782,French Guiana,1976-1985,0
3.933889,-53.125782,French Guiana,1986-1995,0
3.933889,-53.125782,French Guiana,1996-2005,5
3.933889,-53.125782,French Guiana,2006-2015,7
4.860416,-58.93018,Guyana,1900-1945,0
4.860416,-58.93018,Guyana,1946-1955,0
4.860416,-58.93018,Guyana,1956-1965,46
4.860416,-58.93018,Guyana,1966-1975,109
4.860416,-58.93018,Guyana,1976-1985,109
4.860416,-58.93018,Guyana,1986-1995,98
4.860416,-58.93018,Guyana,1996-2005,79
4.860416,-58.93018,Guyana,2006-2015,86
-23.442503,-58.443832,Paraguay,1900-1945,0
-23.442503,-58.443832,Paraguay,1946-1955,0
-23.442503,-58.443832,Paraguay,1956-1965,3
-23.442503,-58.443832,Paraguay,1966-1975,101
-23.442503,-58.443832,Paraguay,1976-1985,87
-23.442503,-58.443832,Paraguay,1986-1995,58
-23.442503,-58.443832,Paraguay,1996-2005,62
-23.442503,-58.443832,Paraguay,2006-2015,100
-9.189967,-75.015152,Peru,1900-1945,0
-9.189967,-75.015152,Peru,1946-1955,15
-9.189967,-75.015152,Peru,1956-1965,39
-9.189967,-75.015152,Peru,1966-1975,847
-9.189967,-75.015152,Peru,1976-1985,810
-9.189967,-75.015152,Peru,1986-1995,2268
-9.189967,-75.015152,Peru,1996-2005,1639
-9.189967,-75.015152,Peru,2006-2015,3546
3.919305,-56.027783,Suriname,1900-1945,0
3.919305,-56.027783,Suriname,1946-1955,6
3.919305,-56.027783,Suriname,1956-1965,12
3.919305,-56.027783,Suriname,1966-1975,5
3.919305,-56.027783,Suriname,1976-1985,19
3.919305,-56.027783,Suriname,1986-1995,12
3.919305,-56.027783,Suriname,1996-2005,25
3.919305,-56.027783,Suriname,2006-2015,50
-32.522779,-55.765835,Uruguay,1900-1945,4
-32.522779,-55.765835,Uruguay,1946-1955,3
-32.522779,-55.765835,Uruguay,1956-1965,29
-32.522779,-55.765835,Uruguay,1966-1975,5109
-32.522779,-55.765835,Uruguay,1976-1985,1891
-32.522779,-55.765835,Uruguay,1986-1995,916
-32.522779,-55.765835,Uruguay,1996-2005,429
-32.522779,-55.765835,Uruguay,2006-2015,355
6.42375,-66.58973,Venezuela,1900-1945,0
6.42375,-66.58973,Venezuela,1946-1955,16
6.42375,-66.58973,Venezuela,1956-1965,96
6.42375,-66.58973,Venezuela,1966-1975,146
6.42375,-66.58973,Venezuela,1976-1985,137
6.42375,-66.58973,Venezuela,1986-1995,284
6.42375,-66.58973,Venezuela,1996-2005,671
6.42375,-66.58973,Venezuela,2006-2015,3632
17.189877,-88.49765,Belize,1900-1945,0
17.189877,-88.49765,Belize,1946-1955,0
17.189877,-88.49765,Belize,1956-1965,6
17.189877,-88.49765,Belize,1966-1975,8
17.189877,-88.49765,Belize,1976-1985,9
17.189877,-88.49765,Belize,1986-1995,16
17.189877,-88.49765,Belize,1996-2005,12
17.189877,-88.49765,Belize,2006-2015,14
9.748917,-83.753428,Costa Rica,1900-1945,0
9.748917,-83.753428,Costa Rica,1946-1955,3
9.748917,-83.753428,Costa Rica,1956-1965,13
9.748917,-83.753428,Costa Rica,1966-1975,60
9.748917,-83.753428,Costa Rica,1976-1985,65
9.748917,-83.753428,Costa Rica,1986-1995,71
9.748917,-83.753428,Costa Rica,1996-2005,46
9.748917,-83.753428,Costa Rica,2006-2015,145
13.794185,-88.89653,El Salvador,1900-1945,0
13.794185,-88.89653,El Salvador,1946-1955,6
13.794185,-88.89653,El Salvador,1956-1965,11
13.794185,-88.89653,El Salvador,1966-1975,37
13.794185,-88.89653,El Salvador,1976-1985,1390
13.794185,-88.89653,El Salvador,1986-1995,6944
13.794185,-88.89653,El Salvador,1996-2005,505
13.794185,-88.89653,El Salvador,2006-2015,476
15.783471,-90.230759,Guatemala,1900-1945,0
15.783471,-90.230759,Guatemala,1946-1955,0
15.783471,-90.230759,Guatemala,1956-1965,0
15.783471,-90.230759,Guatemala,1966-1975,14
15.783471,-90.230759,Guatemala,1976-1985,64
15.783471,-90.230759,Guatemala,1986-1995,125
15.783471,-90.230759,Guatemala,1996-2005,65
15.783471,-90.230759,Guatemala,2006-2015,154
15.199999,-86.241905,Honduras,1900-1945,0
15.199999,-86.241905,Honduras,1946-1955,0
15.199999,-86.241905,Honduras,1956-1965,4
15.199999,-86.241905,Honduras,1966-1975,5
15.199999,-86.241905,Honduras,1976-1985,22
15.199999,-86.241905,Honduras,1986-1995,127
15.199999,-86.241905,Honduras,1996-2005,35
15.199999,-86.241905,Honduras,2006-2015,61
23.634501,-102.552784,Mexico,1900-1945,3
23.634501,-102.552784,Mexico,1946-1955,5
23.634501,-102.552784,Mexico,1956-1965,11
23.634501,-102.552784,Mexico,1966-1975,127
23.634501,-102.552784,Mexico,1976-1985,200
23.634501,-102.552784,Mexico,1986-1995,250
23.634501,-102.552784,Mexico,1996-2005,704
23.634501,-102.552784,Mexico,2006-2015,3058
12.865416,-85.207229,Nicaragua,1900-1945,0
12.865416,-85.207229,Nicaragua,1946-1955,0
12.865416,-85.207229,Nicaragua,1956-1965,3
12.865416,-85.207229,Nicaragua,1966-1975,8
12.865416,-85.207229,Nicaragua,1976-1985,199
12.865416,-85.207229,Nicaragua,1986-1995,359
12.865416,-85.207229,Nicaragua,1996-2005,54
12.865416,-85.207229,Nicaragua,2006-2015,79
8.537981,-80.782127,Panama,1900-1945,0
8.537981,-80.782127,Panama,1946-1955,4
8.537981,-80.782127,Panama,1956-1965,3
8.537981,-80.782127,Panama,1966-1975,17
8.537981,-80.782127,Panama,1976-1985,33
8.537981,-80.782127,Panama,1986-1995,34
8.537981,-80.782127,Panama,1996-2005,35
8.537981,-80.782127,Panama,2006-2015,70
18.220554,-63.068615,Anguilla,1900-1945,0
18.220554,-63.068615,Anguilla,1946-1955,0
18.220554,-63.068615,Anguilla,1956-1965,0
18.220554,-63.068615,Anguilla,1966-1975,0
18.220554,-63.068615,Anguilla,1976-1985,0
18.220554,-63.068615,Anguilla,1986-1995,10
18.220554,-63.068615,Anguilla,1996-2005,0
18.220554,-63.068615,Anguilla,2006-2015,0
17.060816,-61.796428,Antigua and Barbuda,1900-1945,0
17.060816,-61.796428,Antigua and Barbuda,1946-1955,0
17.060816,-61.796428,Antigua and Barbuda,1956-1965,0
17.060816,-61.796428,Antigua and Barbuda,1966-1975,9
17.060816,-61.796428,Antigua and Barbuda,1976-1985,3
17.060816,-61.796428,Antigua and Barbuda,1986-1995,4
17.060816,-61.796428,Antigua and Barbuda,1996-2005,11
17.060816,-61.796428,Antigua and Barbuda,2006-2015,14
12.52111,-69.968338,Aruba,1900-1945,0
12.52111,-69.968338,Aruba,1946-1955,0
12.52111,-69.968338,Aruba,1956-1965,8
12.52111,-69.968338,Aruba,1966-1975,7
12.52111,-69.968338,Aruba,1976-1985,15
12.52111,-69.968338,Aruba,1986-1995,10
12.52111,-69.968338,Aruba,1996-2005,7
12.52111,-69.968338,Aruba,2006-2015,7
25.03428,-77.39628,Bahamas,1900-1945,0
25.03428,-77.39628,Bahamas,1946-1955,0
25.03428,-77.39628,Bahamas,1956-1965,3
25.03428,-77.39628,Bahamas,1966-1975,80
25.03428,-77.39628,Bahamas,1976-1985,33
25.03428,-77.39628,Bahamas,1986-1995,28
25.03428,-77.39628,Bahamas,1996-2005,33
25.03428,-77.39628,Bahamas,2006-2015,54
13.193887,-59.543198,Barbados,1900-1945,0
13.193887,-59.543198,Barbados,1946-1955,0
13.193887,-59.543198,Barbados,1956-1965,18
13.193887,-59.543198,Barbados,1966-1975,119
13.193887,-59.543198,Barbados,1976-1985,63
13.193887,-59.543198,Barbados,1986-1995,34
13.193887,-59.543198,Barbados,1996-2005,49
13.193887,-59.543198,Barbados,2006-2015,79
19.513469,-80.566956,Cayman Islands,1900-1945,0
19.513469,-80.566956,Cayman Islands,1946-1955,0
19.513469,-80.566956,Cayman Islands,1956-1965,0
19.513469,-80.566956,Cayman Islands,1966-1975,5
19.513469,-80.566956,Cayman Islands,1976-1985,0
19.513469,-80.566956,Cayman Islands,1986-1995,6
19.513469,-80.566956,Cayman Islands,1996-2005,23
19.513469,-80.566956,Cayman Islands,2006-2015,92
21.521757,-77.781167,Cuba,1900-1945,0
21.521757,-77.781167,Cuba,1946-1955,7
21.521757,-77.781167,Cuba,1956-1965,5
21.521757,-77.781167,Cuba,1966-1975,142
21.521757,-77.781167,Cuba,1976-1985,59
21.521757,-77.781167,Cuba,1986-1995,34
21.521757,-77.781167,Cuba,1996-2005,137
21.521757,-77.781167,Cuba,2006-2015,290
15.414999,-61.370976,Dominica,1900-1945,0
15.414999,-61.370976,Dominica,1946-1955,0
15.414999,-61.370976,Dominica,1956-1965,0
15.414999,-61.370976,Dominica,1966-1975,4
15.414999,-61.370976,Dominica,1976-1985,0
15.414999,-61.370976,Dominica,1986-1995,3
15.414999,-61.370976,Dominica,1996-2005,7
15.414999,-61.370976,Dominica,2006-2015,16
18.735693,-70.162651,Dominican Republic,1900-1945,0
18.735693,-70.162651,Dominican Republic,1946-1955,0
18.735693,-70.162651,Dominican Republic,1956-1965,0
18.735693,-70.162651,Dominican Republic,1966-1975,3
18.735693,-70.162651,Dominican Republic,1976-1985,11
18.735693,-70.162651,Dominican Republic,1986-1995,12
18.735693,-70.162651,Dominican Republic,1996-2005,22
18.735693,-70.162651,Dominican Republic,2006-2015,91
12.262776,-61.604171,Grenada,1900-1945,0
12.262776,-61.604171,Grenada,1946-1955,0
12.262776,-61.604171,Grenada,1956-1965,4
12.262776,-61.604171,Grenada,1966-1975,42
12.262776,-61.604171,Grenada,1976-1985,34
12.262776,-61.604171,Grenada,1986-1995,15
12.262776,-61.604171,Grenada,1996-2005,10
12.262776,-61.604171,Grenada,2006-2015,10
16.995971,-62.067641,Guadeloupe,1900-1945,0
16.995971,-62.067641,Guadeloupe,1946-1955,0
16.995971,-62.067641,Guadeloupe,1956-1965,0
16.995971,-62.067641,Guadeloupe,1966-1975,0
16.995971,-62.067641,Guadeloupe,1976-1985,0
16.995971,-62.067641,Guadeloupe,1986-1995,3
16.995971,-62.067641,Guadeloupe,1996-2005,0
16.995971,-62.067641,Guadeloupe,2006-2015,6
18.971187,-72.285215,Haiti,1900-1945,0
18.971187,-72.285215,Haiti,1946-1955,3
18.971187,-72.285215,Haiti,1956-1965,7
18.971187,-72.285215,Haiti,1966-1975,6
18.971187,-72.285215,Haiti,1976-1985,23
18.971187,-72.285215,Haiti,1986-1995,8
18.971187,-72.285215,Haiti,1996-2005,13
18.971187,-72.285215,Haiti,2006-2015,28
18.109581,-77.297508,Jamaica,1900-1945,0
18.109581,-77.297508,Jamaica,1946-1955,10
18.109581,-77.297508,Jamaica,1956-1965,37
18.109581,-77.297508,Jamaica,1966-1975,200
18.109581,-77.297508,Jamaica,1976-1985,159
18.109581,-77.297508,Jamaica,1986-1995,112
18.109581,-77.297508,Jamaica,1996-2005,170
18.109581,-77.297508,Jamaica,2006-2015,297
14.641528,-61.024174,Martinique,1900-1945,0
14.641528,-61.024174,Martinique,1946-1955,0
14.641528,-61.024174,Martinique,1956-1965,0
14.641528,-61.024174,Martinique,1966-1975,3
14.641528,-61.024174,Martinique,1976-1985,0
14.641528,-61.024174,Martinique,1986-1995,4
14.641528,-61.024174,Martinique,1996-2005,5
14.641528,-61.024174,Martinique,2006-2015,8
16.742498,-62.187366,Montserrat,1900-1945,0
16.742498,-62.187366,Montserrat,1946-1955,0
16.742498,-62.187366,Montserrat,1956-1965,0
16.742498,-62.187366,Montserrat,1966-1975,0
16.742498,-62.187366,Montserrat,1976-1985,0
16.742498,-62.187366,Montserrat,1986-1995,4
16.742498,-62.187366,Montserrat,1996-2005,0
16.742498,-62.187366,Montserrat,2006-2015,3
18.220833,-66.590149,Puerto Rico,1900-1945,0
18.220833,-66.590149,Puerto Rico,1946-1955,0
18.220833,-66.590149,Puerto Rico,1956-1965,0
18.220833,-66.590149,Puerto Rico,1966-1975,16
18.220833,-66.590149,Puerto Rico,1976-1985,13
18.220833,-66.590149,Puerto Rico,1986-1995,5
18.220833,-66.590149,Puerto Rico,1996-2005,30
18.220833,-66.590149,Puerto Rico,2006-2015,60
17.357822,-62.782998,Saint Kitts and Nevis,1900-1945,0
17.357822,-62.782998,Saint Kitts and Nevis,1946-1955,0
17.357822,-62.782998,Saint Kitts and Nevis,1956-1965,8
17.357822,-62.782998,Saint Kitts and Nevis,1966-1975,6
17.357822,-62.782998,Saint Kitts and Nevis,1976-1985,5
17.357822,-62.782998,Saint Kitts and Nevis,1986-1995,9
17.357822,-62.782998,Saint Kitts and Nevis,1996-2005,3
17.357822,-62.782998,Saint Kitts and Nevis,2006-2015,5
13.909444,-60.978893,Saint Lucia,1900-1945,0
13.909444,-60.978893,Saint Lucia,1946-1955,0
13.909444,-60.978893,Saint Lucia,1956-1965,0
13.909444,-60.978893,Saint Lucia,1966-1975,6
13.909444,-60.978893,Saint Lucia,1976-1985,3
13.909444,-60.978893,Saint Lucia,1986-1995,4
13.909444,-60.978893,Saint Lucia,1996-2005,8
13.909444,-60.978893,Saint Lucia,2006-2015,24
10.691803,-61.222503,Trinidad and Tobago,1900-1945,0
10.691803,-61.222503,Trinidad and Tobago,1946-1955,19
10.691803,-61.222503,Trinidad and Tobago,1956-1965,62
10.691803,-61.222503,Trinidad and Tobago,1966-1975,476
10.691803,-61.222503,Trinidad and Tobago,1976-1985,158
10.691803,-61.222503,Trinidad and Tobago,1986-1995,194
10.691803,-61.222503,Trinidad and Tobago,1996-2005,187
10.691803,-61.222503,Trinidad and Tobago,2006-2015,367
21.694025,-71.797928,Turks and Caicos Islands,1900-1945,0
21.694025,-71.797928,Turks and Caicos Islands,1946-1955,0
21.694025,-71.797928,Turks and Caicos Islands,1956-1965,0
21.694025,-71.797928,Turks and Caicos Islands,1966-1975,0
21.694025,-71.797928,Turks and Caicos Islands,1976-1985,0
21.694025,-71.797928,Turks and Caicos Islands,1986-1995,0
21.694025,-71.797928,Turks and Caicos Islands,1996-2005,0
21.694025,-71.797928,Turks and Caicos Islands,2006-2015,0
9.30769,2.315834,Benin,1900-1945,0
9.30769,2.315834,Benin,1946-1955,0
9.30769,2.315834,Benin,1956-1965,0
9.30769,2.315834,Benin,1966-1975,0
9.30769,2.315834,Benin,1976-1985,0
9.30769,2.315834,Benin,1986-1995,4
9.30769,2.315834,Benin,1996-2005,5
9.30769,2.315834,Benin,2006-2015,64
12.238333,-1.561593,Burkina Faso,1900-1945,0
12.238333,-1.561593,Burkina Faso,1946-1955,0
12.238333,-1.561593,Burkina Faso,1956-1965,0
12.238333,-1.561593,Burkina Faso,1966-1975,0
12.238333,-1.561593,Burkina Faso,1976-1985,0
12.238333,-1.561593,Burkina Faso,1986-1995,3
12.238333,-1.561593,Burkina Faso,1996-2005,9
12.238333,-1.561593,Burkina Faso,2006-2015,22
7.369722,12.354722,Cameroon,1900-1945,0
7.369722,12.354722,Cameroon,1946-1955,0
7.369722,12.354722,Cameroon,1956-1965,0
7.369722,12.354722,Cameroon,1966-1975,3
7.369722,12.354722,Cameroon,1976-1985,3
7.369722,12.354722,Cameroon,1986-1995,12
7.369722,12.354722,Cameroon,1996-2005,69
7.369722,12.354722,Cameroon,2006-2015,275
16.002082,-24.013197,Cape Verde,1900-1945,0
16.002082,-24.013197,Cape Verde,1946-1955,0
16.002082,-24.013197,Cape Verde,1956-1965,0
16.002082,-24.013197,Cape Verde,1966-1975,4
16.002082,-24.013197,Cape Verde,1976-1985,3
16.002082,-24.013197,Cape Verde,1986-1995,7
16.002082,-24.013197,Cape Verde,1996-2005,5
16.002082,-24.013197,Cape Verde,2006-2015,12
6.611111,20.939444,Central African Republic,1900-1945,0
6.611111,20.939444,Central African Republic,1946-1955,0
6.611111,20.939444,Central African Republic,1956-1965,0
6.611111,20.939444,Central African Republic,1966-1975,0
6.611111,20.939444,Central African Republic,1976-1985,0
6.611111,20.939444,Central African Republic,1986-1995,0
6.611111,20.939444,Central African Republic,1996-2005,0
6.611111,20.939444,Central African Republic,2006-2015,23
15.454166,18.732207,Chad,1900-1945,0
15.454166,18.732207,Chad,1946-1955,0
15.454166,18.732207,Chad,1956-1965,0
15.454166,18.732207,Chad,1966-1975,4
15.454166,18.732207,Chad,1976-1985,6
15.454166,18.732207,Chad,1986-1995,0
15.454166,18.732207,Chad,1996-2005,10
15.454166,18.732207,Chad,2006-2015,24
-0.228021,15.827659,"Congo, Republic of",1900-1945,0
-0.228021,15.827659,"Congo, Republic of",1946-1955,0
-0.228021,15.827659,"Congo, Republic of",1956-1965,24
-0.228021,15.827659,"Congo, Republic of",1966-1975,19
-0.228021,15.827659,"Congo, Republic of",1976-1985,18
-0.228021,15.827659,"Congo, Republic of",1986-1995,13
-0.228021,15.827659,"Congo, Republic of",1996-2005,193
-0.228021,15.827659,"Congo, Republic of",2006-2015,996
-4.038333,21.758664,"Congo, Democratic Republic of",1900-1945,0
-4.038333,21.758664,"Congo, Democratic Republic of",1946-1955,0
-4.038333,21.758664,"Congo, Democratic Republic of",1956-1965,35
-4.038333,21.758664,"Congo, Democratic Republic of",1966-1975,51
-4.038333,21.758664,"Congo, Democratic Republic of",1976-1985,51
-4.038333,21.758664,"Congo, Democratic Republic of",1986-1995,88
-4.038333,21.758664,"Congo, Democratic Republic of",1996-2005,501
-4.038333,21.758664,"Congo, Democratic Republic of",2006-2015,2988
7.539989,-5.54708,Cote d'Ivoire,1900-1945,0
7.539989,-5.54708,Cote d'Ivoire,1946-1955,0
7.539989,-5.54708,Cote d'Ivoire,1956-1965,0
7.539989,-5.54708,Cote d'Ivoire,1966-1975,4
7.539989,-5.54708,Cote d'Ivoire,1976-1985,8
7.539989,-5.54708,Cote d'Ivoire,1986-1995,30
7.539989,-5.54708,Cote d'Ivoire,1996-2005,124
7.539989,-5.54708,Cote d'Ivoire,2006-2015,310
1.650801,10.267895,Equatorial Guinea,1900-1945,0
1.650801,10.267895,Equatorial Guinea,1946-1955,0
1.650801,10.267895,Equatorial Guinea,1956-1965,0
1.650801,10.267895,Equatorial Guinea,1966-1975,5
1.650801,10.267895,Equatorial Guinea,1976-1985,0
1.650801,10.267895,Equatorial Guinea,1986-1995,0
1.650801,10.267895,Equatorial Guinea,1996-2005,0
1.650801,10.267895,Equatorial Guinea,2006-2015,3
-0.803689,11.609444,Gabon,1900-1945,0
-0.803689,11.609444,Gabon,1946-1955,0
-0.803689,11.609444,Gabon,1956-1965,0
-0.803689,11.609444,Gabon,1966-1975,4
-0.803689,11.609444,Gabon,1976-1985,0
-0.803689,11.609444,Gabon,1986-1995,5
-0.803689,11.609444,Gabon,1996-2005,5
-0.803689,11.609444,Gabon,2006-2015,22
13.443182,-15.310139,Gambia,1900-1945,0
13.443182,-15.310139,Gambia,1946-1955,0
13.443182,-15.310139,Gambia,1956-1965,4
13.443182,-15.310139,Gambia,1966-1975,7
13.443182,-15.310139,Gambia,1976-1985,5
13.443182,-15.310139,Gambia,1986-1995,6
13.443182,-15.310139,Gambia,1996-2005,21
13.443182,-15.310139,Gambia,2006-2015,55
7.946527,-1.023194,Ghana,1900-1945,0
7.946527,-1.023194,Ghana,1946-1955,0
7.946527,-1.023194,Ghana,1956-1965,48
7.946527,-1.023194,Ghana,1966-1975,163
7.946527,-1.023194,Ghana,1976-1985,280
7.946527,-1.023194,Ghana,1986-1995,701
7.946527,-1.023194,Ghana,1996-2005,1174
7.946527,-1.023194,Ghana,2006-2015,2533
9.945587,-9.696645,Guinea,1900-1945,0
9.945587,-9.696645,Guinea,1946-1955,0
9.945587,-9.696645,Guinea,1956-1965,0
9.945587,-9.696645,Guinea,1966-1975,3
9.945587,-9.696645,Guinea,1976-1985,6
9.945587,-9.696645,Guinea,1986-1995,0
9.945587,-9.696645,Guinea,1996-2005,217
9.945587,-9.696645,Guinea,2006-2015,539
11.803749,-15.180413,Guinea-Bissau,1900-1945,0
11.803749,-15.180413,Guinea-Bissau,1946-1955,0
11.803749,-15.180413,Guinea-Bissau,1956-1965,0
11.803749,-15.180413,Guinea-Bissau,1966-1975,0
11.803749,-15.180413,Guinea-Bissau,1976-1985,0
11.803749,-15.180413,Guinea-Bissau,1986-1995,8
11.803749,-15.180413,Guinea-Bissau,1996-2005,7
11.803749,-15.180413,Guinea-Bissau,2006-2015,4
6.428055,-9.429499,Liberia,1900-1945,0
6.428055,-9.429499,Liberia,1946-1955,0
6.428055,-9.429499,Liberia,1956-1965,0
6.428055,-9.429499,Liberia,1966-1975,19
6.428055,-9.429499,Liberia,1976-1985,14
6.428055,-9.429499,Liberia,1986-1995,38
6.428055,-9.429499,Liberia,1996-2005,1061
6.428055,-9.429499,Liberia,2006-2015,1747
17.570692,-3.996166,Mali,1900-1945,0
17.570692,-3.996166,Mali,1946-1955,4
17.570692,-3.996166,Mali,1956-1965,3
17.570692,-3.996166,Mali,1966-1975,6
17.570692,-3.996166,Mali,1976-1985,0
17.570692,-3.996166,Mali,1986-1995,10
17.570692,-3.996166,Mali,1996-2005,3
17.570692,-3.996166,Mali,2006-2015,32
21.00789,-10.940835,Mauritania,1900-1945,0
21.00789,-10.940835,Mauritania,1946-1955,0
21.00789,-10.940835,Mauritania,1956-1965,0
21.00789,-10.940835,Mauritania,1966-1975,0
21.00789,-10.940835,Mauritania,1976-1985,0
21.00789,-10.940835,Mauritania,1986-1995,5
21.00789,-10.940835,Mauritania,1996-2005,11
21.00789,-10.940835,Mauritania,2006-2015,29
17.607789,8.081666,Niger,1900-1945,0
17.607789,8.081666,Niger,1946-1955,0
17.607789,8.081666,Niger,1956-1965,0
17.607789,8.081666,Niger,1966-1975,0
17.607789,8.081666,Niger,1976-1985,0
17.607789,8.081666,Niger,1986-1995,4
17.607789,8.081666,Niger,1996-2005,5
17.607789,8.081666,Niger,2006-2015,11
9.081999,8.675277,Nigeria,1900-1945,0
9.081999,8.675277,Nigeria,1946-1955,3
9.081999,8.675277,Nigeria,1956-1965,78
9.081999,8.675277,Nigeria,1966-1975,185
9.081999,8.675277,Nigeria,1976-1985,199
9.081999,8.675277,Nigeria,1986-1995,493
9.081999,8.675277,Nigeria,1996-2005,1227
9.081999,8.675277,Nigeria,2006-2015,5197
14.497401,-14.452362,Senegal,1900-1945,0
14.497401,-14.452362,Senegal,1946-1955,0
14.497401,-14.452362,Senegal,1956-1965,3
14.497401,-14.452362,Senegal,1966-1975,88
14.497401,-14.452362,Senegal,1976-1985,29
14.497401,-14.452362,Senegal,1986-1995,40
14.497401,-14.452362,Senegal,1996-2005,54
14.497401,-14.452362,Senegal,2006-2015,130
8.460555,-11.779889,Sierra Leone,1900-1945,0
8.460555,-11.779889,Sierra Leone,1946-1955,0
8.460555,-11.779889,Sierra Leone,1956-1965,16
8.460555,-11.779889,Sierra Leone,1966-1975,19
8.460555,-11.779889,Sierra Leone,1976-1985,45
8.460555,-11.779889,Sierra Leone,1986-1995,78
8.460555,-11.779889,Sierra Leone,1996-2005,1343
8.460555,-11.779889,Sierra Leone,2006-2015,1785
8.619543,0.824782,Togo,1900-1945,0
8.619543,0.824782,Togo,1946-1955,0
8.619543,0.824782,Togo,1956-1965,0
8.619543,0.824782,Togo,1966-1975,0
8.619543,0.824782,Togo,1976-1985,0
8.619543,0.824782,Togo,1986-1995,9
8.619543,0.824782,Togo,1996-2005,18
8.619543,0.824782,Togo,2006-2015,274
-11.202692,17.873887,Angola,1900-1945,0
-11.202692,17.873887,Angola,1946-1955,0
-11.202692,17.873887,Angola,1956-1965,0
-11.202692,17.873887,Angola,1966-1975,29
-11.202692,17.873887,Angola,1976-1985,134
-11.202692,17.873887,Angola,1986-1995,127
-11.202692,17.873887,Angola,1996-2005,64
-11.202692,17.873887,Angola,2006-2015,88
-22.328474,24.684866,Botswana,1900-1945,0
-22.328474,24.684866,Botswana,1946-1955,0
-22.328474,24.684866,Botswana,1956-1965,7
-22.328474,24.684866,Botswana,1966-1975,9
-22.328474,24.684866,Botswana,1976-1985,29
-22.328474,24.684866,Botswana,1986-1995,71
-22.328474,24.684866,Botswana,1996-2005,338
-22.328474,24.684866,Botswana,2006-2015,614
-3.373056,29.918886,Burundi,1900-1945,0
-3.373056,29.918886,Burundi,1946-1955,0
-3.373056,29.918886,Burundi,1956-1965,7
-3.373056,29.918886,Burundi,1966-1975,0
-3.373056,29.918886,Burundi,1976-1985,6
-3.373056,29.918886,Burundi,1986-1995,9
-3.373056,29.918886,Burundi,1996-2005,471
-3.373056,29.918886,Burundi,2006-2015,1532
-11.875001,43.872219,Comoros,1900-1945,0
-11.875001,43.872219,Comoros,1946-1955,0
-11.875001,43.872219,Comoros,1956-1965,0
-11.875001,43.872219,Comoros,1966-1975,0
-11.875001,43.872219,Comoros,1976-1985,0
-11.875001,43.872219,Comoros,1986-1995,5
-11.875001,43.872219,Comoros,1996-2005,5
-11.875001,43.872219,Comoros,2006-2015,12
11.825138,42.590275,Djibouti,1900-1945,0
11.825138,42.590275,Djibouti,1946-1955,0
11.825138,42.590275,Djibouti,1956-1965,4
11.825138,42.590275,Djibouti,1966-1975,7
11.825138,42.590275,Djibouti,1976-1985,3
11.825138,42.590275,Djibouti,1986-1995,39
11.825138,42.590275,Djibouti,1996-2005,36
11.825138,42.590275,Djibouti,2006-2015,69
15.179384,39.782334,Eritrea,1900-1945,0
15.179384,39.782334,Eritrea,1946-1955,12
15.179384,39.782334,Eritrea,1956-1965,14
15.179384,39.782334,Eritrea,1966-1975,39
15.179384,39.782334,Eritrea,1976-1985,52
15.179384,39.782334,Eritrea,1986-1995,783
15.179384,39.782334,Eritrea,1996-2005,1056
15.179384,39.782334,Eritrea,2006-2015,2057
9.145,40.489673,Ethiopia,1900-1945,0
9.145,40.489673,Ethiopia,1946-1955,24
9.145,40.489673,Ethiopia,1956-1965,38
9.145,40.489673,Ethiopia,1966-1975,188
9.145,40.489673,Ethiopia,1976-1985,221
9.145,40.489673,Ethiopia,1986-1995,1355
9.145,40.489673,Ethiopia,1996-2005,3515
9.145,40.489673,Ethiopia,2006-2015,5641
-0.023559,37.906193,Kenya,1900-1945,11
-0.023559,37.906193,Kenya,1946-1955,41
-0.023559,37.906193,Kenya,1956-1965,849
-0.023559,37.906193,Kenya,1966-1975,1232
-0.023559,37.906193,Kenya,1976-1985,986
-0.023559,37.906193,Kenya,1986-1995,1243
-0.023559,37.906193,Kenya,1996-2005,4285
-0.023559,37.906193,Kenya,2006-2015,7721
-29.609988,28.233608,Lesotho,1900-1945,0
-29.609988,28.233608,Lesotho,1946-1955,0
-29.609988,28.233608,Lesotho,1956-1965,0
-29.609988,28.233608,Lesotho,1966-1975,10
-29.609988,28.233608,Lesotho,1976-1985,9
-29.609988,28.233608,Lesotho,1986-1995,18
-29.609988,28.233608,Lesotho,1996-2005,40
-29.609988,28.233608,Lesotho,2006-2015,47
-18.766947,46.869107,Madagascar,1900-1945,0
-18.766947,46.869107,Madagascar,1946-1955,0
-18.766947,46.869107,Madagascar,1956-1965,15
-18.766947,46.869107,Madagascar,1966-1975,30
-18.766947,46.869107,Madagascar,1976-1985,23
-18.766947,46.869107,Madagascar,1986-1995,32
-18.766947,46.869107,Madagascar,1996-2005,49
-18.766947,46.869107,Madagascar,2006-2015,79
-13.254308,34.301525,Malawi,1900-1945,0
-13.254308,34.301525,Malawi,1946-1955,5
-13.254308,34.301525,Malawi,1956-1965,30
-13.254308,34.301525,Malawi,1966-1975,62
-13.254308,34.301525,Malawi,1976-1985,123
-13.254308,34.301525,Malawi,1986-1995,126
-13.254308,34.301525,Malawi,1996-2005,238
-13.254308,34.301525,Malawi,2006-2015,573
-20.348404,57.552152,Mauritius,1900-1945,8
-20.348404,57.552152,Mauritius,1946-1955,43
-20.348404,57.552152,Mauritius,1956-1965,529
-20.348404,57.552152,Mauritius,1966-1975,6173
-20.348404,57.552152,Mauritius,1976-1985,2236
-20.348404,57.552152,Mauritius,1986-1995,4213
-20.348404,57.552152,Mauritius,1996-2005,2650
-20.348404,57.552152,Mauritius,2006-2015,7555
-12.8275,45.166244,Mayotte,1900-1945,0
-12.8275,45.166244,Mayotte,1946-1955,0
-12.8275,45.166244,Mayotte,1956-1965,0
-12.8275,45.166244,Mayotte,1966-1975,0
-12.8275,45.166244,Mayotte,1976-1985,0
-12.8275,45.166244,Mayotte,1986-1995,0
-12.8275,45.166244,Mayotte,1996-2005,0
-12.8275,45.166244,Mayotte,2006-2015,0
-18.665695,35.529562,Mozambique,1900-1945,0
-18.665695,35.529562,Mozambique,1946-1955,0
-18.665695,35.529562,Mozambique,1956-1965,7
-18.665695,35.529562,Mozambique,1966-1975,44
-18.665695,35.529562,Mozambique,1976-1985,119
-18.665695,35.529562,Mozambique,1986-1995,173
-18.665695,35.529562,Mozambique,1996-2005,177
-18.665695,35.529562,Mozambique,2006-2015,277
-22.95764,18.49041,Namibia,1900-1945,0
-22.95764,18.49041,Namibia,1946-1955,4
-22.95764,18.49041,Namibia,1956-1965,21
-22.95764,18.49041,Namibia,1966-1975,36
-22.95764,18.49041,Namibia,1976-1985,83
-22.95764,18.49041,Namibia,1986-1995,100
-22.95764,18.49041,Namibia,1996-2005,392
-22.95764,18.49041,Namibia,2006-2015,587
-1.940278,29.873888,Rwanda,1900-1945,0
-1.940278,29.873888,Rwanda,1946-1955,0
-1.940278,29.873888,Rwanda,1956-1965,0
-1.940278,29.873888,Rwanda,1966-1975,3
-1.940278,29.873888,Rwanda,1976-1985,0
-1.940278,29.873888,Rwanda,1986-1995,10
-1.940278,29.873888,Rwanda,1996-2005,130
-1.940278,29.873888,Rwanda,2006-2015,695
-24.143474,-10.030696,Saint Helena,1900-1945,0
-24.143474,-10.030696,Saint Helena,1946-1955,0
-24.143474,-10.030696,Saint Helena,1956-1965,0
-24.143474,-10.030696,Saint Helena,1966-1975,7
-24.143474,-10.030696,Saint Helena,1976-1985,8
-24.143474,-10.030696,Saint Helena,1986-1995,4
-24.143474,-10.030696,Saint Helena,1996-2005,8
-24.143474,-10.030696,Saint Helena,2006-2015,10
-4.679574,55.491977,Seychelles,1900-1945,0
-4.679574,55.491977,Seychelles,1946-1955,54
-4.679574,55.491977,Seychelles,1956-1965,358
-4.679574,55.491977,Seychelles,1966-1975,747
-4.679574,55.491977,Seychelles,1976-1985,286
-4.679574,55.491977,Seychelles,1986-1995,387
-4.679574,55.491977,Seychelles,1996-2005,246
-4.679574,55.491977,Seychelles,2006-2015,346
5.152149,46.199616,Somalia,1900-1945,0
5.152149,46.199616,Somalia,1946-1955,0
5.152149,46.199616,Somalia,1956-1965,6
5.152149,46.199616,Somalia,1966-1975,12
5.152149,46.199616,Somalia,1976-1985,34
5.152149,46.199616,Somalia,1986-1995,1184
5.152149,46.199616,Somalia,1996-2005,2703
5.152149,46.199616,Somalia,2006-2015,3228
-30.559482,22.937506,South Africa,1900-1945,106
-30.559482,22.937506,South Africa,1946-1955,358
-30.559482,22.937506,South Africa,1956-1965,2302
-30.559482,22.937506,South Africa,1966-1975,5793
-30.559482,22.937506,South Africa,1976-1985,16074
-30.559482,22.937506,South Africa,1986-1995,18425
-30.559482,22.937506,South Africa,1996-2005,47114
-30.559482,22.937506,South Africa,2006-2015,66874
-26.522503,31.465866,Swaziland,1900-1945,0
-26.522503,31.465866,Swaziland,1946-1955,0
-26.522503,31.465866,Swaziland,1956-1965,6
-26.522503,31.465866,Swaziland,1966-1975,17
-26.522503,31.465866,Swaziland,1976-1985,41
-26.522503,31.465866,Swaziland,1986-1995,46
-26.522503,31.465866,Swaziland,1996-2005,93
-26.522503,31.465866,Swaziland,2006-2015,95
-6.369028,34.888822,Tanzania,1900-1945,7
-6.369028,34.888822,Tanzania,1946-1955,51
-6.369028,34.888822,Tanzania,1956-1965,209
-6.369028,34.888822,Tanzania,1966-1975,412
-6.369028,34.888822,Tanzania,1976-1985,316
-6.369028,34.888822,Tanzania,1986-1995,323
-6.369028,34.888822,Tanzania,1996-2005,691
-6.369028,34.888822,Tanzania,2006-2015,1685
1.373333,32.290275,Uganda,1900-1945,0
1.373333,32.290275,Uganda,1946-1955,30
1.373333,32.290275,Uganda,1956-1965,114
1.373333,32.290275,Uganda,1966-1975,302
1.373333,32.290275,Uganda,1976-1985,210
1.373333,32.290275,Uganda,1986-1995,280
1.373333,32.290275,Uganda,1996-2005,706
1.373333,32.290275,Uganda,2006-2015,1540
-13.133897,27.849332,Zambia,1900-1945,0
-13.133897,27.849332,Zambia,1946-1955,25
-13.133897,27.849332,Zambia,1956-1965,219
-13.133897,27.849332,Zambia,1966-1975,537
-13.133897,27.849332,Zambia,1976-1985,712
-13.133897,27.849332,Zambia,1986-1995,742
-13.133897,27.849332,Zambia,1996-2005,1476
-13.133897,27.849332,Zambia,2006-2015,2293
-19.015438,29.154857,Zimbabwe,1900-1945,3
-19.015438,29.154857,Zimbabwe,1946-1955,58
-19.015438,29.154857,Zimbabwe,1956-1965,506
-19.015438,29.154857,Zimbabwe,1966-1975,637
-19.015438,29.154857,Zimbabwe,1976-1985,3509
-19.015438,29.154857,Zimbabwe,1986-1995,2908
-19.015438,29.154857,Zimbabwe,1996-2005,9854
-19.015438,29.154857,Zimbabwe,2006-2015,16152
